DELETE FROM change_log_diffs;
DELETE FROM change_logs;
DELETE FROM employees;
DELETE FROM departments;

-- ===================================================
-- departments
-- ===================================================
INSERT INTO departments (id, name, description, established_date) VALUES
                                                                      (1, '인사팀', '인사 관리를 담당하는 부서', '2020-01-15'),
                                                                      (2, '총무팀', '각종 업무를 담당하는 부서', '2019-05-20'),
                                                                      (3, '마케팅팀', '제품 홍보 및 마케팅을 담당하는 부서', '2021-03-10'),
                                                                      (4, '영업1팀', '제품 판매 및 고객 관리를 담당하는 부서', '2020-04-01'),
                                                                      (5, '영업2팀', '제품 판매 및 고객 관리를 담당하는 부서', '2022-02-01'),
                                                                      (6, '개발1팀', '서비스 개발을 담당하는 부서', '2020-01-15'),
                                                                      (7, '개발2팀', '서비스 개발을 담당하는 부서', '2021-01-30'),
                                                                      (8, '개발3팀', '서비스 개발을 담당하는 부서', '2022-03-14');

-- ===================================================
-- employees (100명)
-- ===================================================
INSERT INTO employees (id, name, email, employee_number, department_id, position, hire_date, status) VALUES
                                                                                                         (1, '김서연', 'email1@hrbank.com', 'EMP-2024-01-001', 1, '사원', '2024-01-05', 'ACTIVE'),
                                                                                                         (2, '이도윤', 'email2@hrbank.com', 'EMP-2024-01-002', 2, '사원', '2024-01-10', 'ACTIVE'),
                                                                                                         (3, '박예준', 'email3@hrbank.com', 'EMP-2024-01-003', 3, '사원', '2024-01-15', 'ACTIVE'),
                                                                                                         (4, '최서윤', 'email4@hrbank.com', 'EMP-2024-01-004', 4, '사원', '2024-02-01', 'ACTIVE'),
                                                                                                         (5, '정하윤', 'email5@hrbank.com', 'EMP-2024-01-005', 5, '사원', '2024-02-05', 'ACTIVE'),
                                                                                                         (6, '조민준', 'email6@hrbank.com', 'EMP-2024-01-006', 6, '사원', '2024-02-10', 'ACTIVE'),
                                                                                                         (7, '한지우', 'email7@hrbank.com', 'EMP-2024-01-007', 7, '사원', '2024-02-15', 'ACTIVE'),
                                                                                                         (8, '강하늘', 'email8@hrbank.com', 'EMP-2024-01-008', 8, '사원', '2024-03-01', 'ACTIVE'),
                                                                                                         (9, '윤채원', 'email9@hrbank.com', 'EMP-2024-01-009', 1, '사원', '2024-03-05', 'ACTIVE'),
                                                                                                         (10, '김도현', 'email10@hrbank.com', 'EMP-2024-01-010', 2, '사원', '2024-03-10', 'ACTIVE'),
                                                                                                         (11, '이서현', 'email11@hrbank.com', 'EMP-2024-01-011', 3, '사원', '2024-03-12', 'ACTIVE'),
                                                                                                         (12, '박하윤', 'email12@hrbank.com', 'EMP-2024-01-012', 4, '사원', '2024-03-15', 'ACTIVE'),
                                                                                                         (13, '최민준', 'email13@hrbank.com', 'EMP-2024-01-013', 5, '사원', '2024-03-20', 'ACTIVE'),
                                                                                                         (14, '정서윤', 'email14@hrbank.com', 'EMP-2024-01-014', 6, '사원', '2024-03-25', 'ACTIVE'),
                                                                                                         (15, '조하늘', 'email15@hrbank.com', 'EMP-2024-01-015', 7, '사원', '2024-03-30', 'ACTIVE'),
                                                                                                         (16, '윤도현', 'email16@hrbank.com', 'EMP-2024-01-016', 8, '사원', '2024-04-01', 'ACTIVE'),
                                                                                                         (17, '김하늘', 'email17@hrbank.com', 'EMP-2024-01-017', 1, '사원', '2024-04-05', 'ACTIVE'),
                                                                                                         (18, '이예준', 'email18@hrbank.com', 'EMP-2024-01-018', 2, '사원', '2024-04-10', 'ACTIVE'),
                                                                                                         (19, '박서연', 'email19@hrbank.com', 'EMP-2024-01-019', 3, '사원', '2024-04-15', 'ACTIVE'),
                                                                                                         (20, '최도윤', 'email20@hrbank.com', 'EMP-2024-01-020', 4, '사원', '2024-04-20', 'ACTIVE'),
                                                                                                         (21, '정민준', 'email21@hrbank.com', 'EMP-2024-01-021', 5, '사원', '2024-04-25', 'ACTIVE'),
                                                                                                         (22, '조서윤', 'email22@hrbank.com', 'EMP-2024-01-022', 6, '사원', '2024-05-01', 'ACTIVE'),
                                                                                                         (23, '윤하늘', 'email23@hrbank.com', 'EMP-2024-01-023', 7, '사원', '2024-05-05', 'ACTIVE'),
                                                                                                         (24, '김예준', 'email24@hrbank.com', 'EMP-2024-01-024', 8, '사원', '2024-05-10', 'ACTIVE'),
                                                                                                         (25, '이서윤', 'email25@hrbank.com', 'EMP-2024-01-025', 1, '사원', '2024-05-15', 'ACTIVE'),
                                                                                                         (26, '박하늘', 'email26@hrbank.com', 'EMP-2024-01-026', 2, '사원', '2024-05-20', 'ACTIVE'),
                                                                                                         (27, '최민준', 'email27@hrbank.com', 'EMP-2024-01-027', 3, '사원', '2024-05-25', 'ACTIVE'),
                                                                                                         (28, '정서윤', 'email28@hrbank.com', 'EMP-2024-01-028', 4, '사원', '2024-06-01', 'ACTIVE'),
                                                                                                         (29, '조하늘', 'email29@hrbank.com', 'EMP-2024-01-029', 5, '사원', '2024-06-05', 'ACTIVE'),
                                                                                                         (30, '윤도현', 'email30@hrbank.com', 'EMP-2024-01-030', 6, '사원', '2024-06-10', 'ACTIVE'),
                                                                                                         (31, '김하늘', 'email31@hrbank.com', 'EMP-2024-01-031', 7, '사원', '2024-06-15', 'ACTIVE'),
                                                                                                         (32, '이예준', 'email32@hrbank.com', 'EMP-2024-01-032', 8, '사원', '2024-06-20', 'ACTIVE'),
                                                                                                         (33, '박서연', 'email33@hrbank.com', 'EMP-2024-01-033', 1, '사원', '2024-06-25', 'ACTIVE'),
                                                                                                         (34, '최도윤', 'email34@hrbank.com', 'EMP-2024-01-034', 2, '사원', '2024-07-01', 'ACTIVE'),
                                                                                                         (35, '정민준', 'email35@hrbank.com', 'EMP-2024-01-035', 3, '사원', '2024-07-05', 'ACTIVE'),
                                                                                                         (36, '조서윤', 'email36@hrbank.com', 'EMP-2024-01-036', 4, '사원', '2024-07-10', 'ACTIVE'),
                                                                                                         (37, '윤하늘', 'email37@hrbank.com', 'EMP-2024-01-037', 5, '사원', '2024-07-15', 'ACTIVE'),
                                                                                                         (38, '김예준', 'email38@hrbank.com', 'EMP-2024-01-038', 6, '사원', '2024-07-20', 'ACTIVE'),
                                                                                                         (39, '이서윤', 'email39@hrbank.com', 'EMP-2024-01-039', 7, '사원', '2024-07-25', 'ACTIVE'),
                                                                                                         (40, '박하늘', 'email40@hrbank.com', 'EMP-2024-01-040', 8, '사원', '2024-07-30', 'ACTIVE'),
                                                                                                         (41, '최민준', 'email41@hrbank.com', 'EMP-2024-01-041', 1, '사원', '2024-08-01', 'ACTIVE'),
                                                                                                         (42, '정서윤', 'email42@hrbank.com', 'EMP-2024-01-042', 2, '사원', '2024-08-05', 'ACTIVE'),
                                                                                                         (43, '조하늘', 'email43@hrbank.com', 'EMP-2024-01-043', 3, '사원', '2024-08-10', 'ACTIVE'),
                                                                                                         (44, '윤도현', 'email44@hrbank.com', 'EMP-2024-01-044', 4, '사원', '2024-08-15', 'ACTIVE'),
                                                                                                         (45, '김하늘', 'email45@hrbank.com', 'EMP-2024-01-045', 5, '사원', '2024-08-20', 'ACTIVE'),
                                                                                                         (46, '이예준', 'email46@hrbank.com', 'EMP-2024-01-046', 6, '사원', '2024-08-25', 'ACTIVE'),
                                                                                                         (47, '박서연', 'email47@hrbank.com', 'EMP-2024-01-047', 7, '사원', '2024-09-01', 'ACTIVE'),
                                                                                                         (48, '최도윤', 'email48@hrbank.com', 'EMP-2024-01-048', 8, '사원', '2024-09-05', 'ACTIVE'),
                                                                                                         (49, '정민준', 'email49@hrbank.com', 'EMP-2024-01-049', 1, '사원', '2024-09-10', 'ACTIVE'),
                                                                                                         (50, '조서윤', 'email50@hrbank.com', 'EMP-2024-01-050', 2, '사원', '2024-09-15', 'ACTIVE'),
                                                                                                         (51, '윤하늘', 'email51@hrbank.com', 'EMP-2024-01-051', 3, '사원', '2024-09-20', 'ACTIVE'),
                                                                                                         (52, '김예준', 'email52@hrbank.com', 'EMP-2024-01-052', 4, '사원', '2024-09-25', 'ACTIVE'),
                                                                                                         (53, '이서윤', 'email53@hrbank.com', 'EMP-2024-01-053', 5, '사원', '2024-10-01', 'ACTIVE'),
                                                                                                         (54, '박하늘', 'email54@hrbank.com', 'EMP-2024-01-054', 6, '사원', '2024-10-05', 'ACTIVE'),
                                                                                                         (55, '최민준', 'email55@hrbank.com', 'EMP-2024-01-055', 7, '사원', '2024-10-10', 'ACTIVE'),
                                                                                                         (56, '정서윤', 'email56@hrbank.com', 'EMP-2024-01-056', 8, '사원', '2024-10-15', 'ACTIVE'),
                                                                                                         (57, '조하늘', 'email57@hrbank.com', 'EMP-2024-01-057', 1, '사원', '2024-10-20', 'ACTIVE'),
                                                                                                         (58, '윤도현', 'email58@hrbank.com', 'EMP-2024-01-058', 2, '사원', '2024-10-25', 'ACTIVE'),
                                                                                                         (59, '김하늘', 'email59@hrbank.com', 'EMP-2024-01-059', 3, '사원', '2024-10-30', 'ACTIVE'),
                                                                                                         (60, '이예준', 'email60@hrbank.com', 'EMP-2024-01-060', 4, '사원', '2024-11-01', 'ACTIVE'),
                                                                                                         (61, '박서연', 'email61@hrbank.com', 'EMP-2024-01-061', 5, '사원', '2024-11-05', 'ACTIVE'),
                                                                                                         (62, '최도윤', 'email62@hrbank.com', 'EMP-2024-01-062', 6, '사원', '2024-11-10', 'ACTIVE'),
                                                                                                         (63, '정민준', 'email63@hrbank.com', 'EMP-2024-01-063', 7, '사원', '2024-11-15', 'ACTIVE'),
                                                                                                         (64, '조서윤', 'email64@hrbank.com', 'EMP-2024-01-064', 8, '사원', '2024-11-20', 'ACTIVE'),
                                                                                                         (65, '윤하늘', 'email65@hrbank.com', 'EMP-2024-01-065', 1, '사원', '2024-11-25', 'ACTIVE'),
                                                                                                         (66, '김예준', 'email66@hrbank.com', 'EMP-2024-01-066', 2, '사원', '2024-11-30', 'ACTIVE'),
                                                                                                         (67, '이서윤', 'email67@hrbank.com', 'EMP-2024-01-067', 3, '사원', '2024-12-01', 'ACTIVE'),
                                                                                                         (68, '박하늘', 'email68@hrbank.com', 'EMP-2024-01-068', 4, '사원', '2024-12-05', 'ACTIVE'),
                                                                                                         (69, '최민준', 'email69@hrbank.com', 'EMP-2024-01-069', 5, '사원', '2024-12-10', 'ACTIVE'),
                                                                                                         (70, '정서윤', 'email70@hrbank.com', 'EMP-2024-01-070', 6, '사원', '2024-12-15', 'ACTIVE'),
                                                                                                         (71, '조하늘', 'email71@hrbank.com', 'EMP-2024-01-071', 7, '사원', '2024-12-20', 'ACTIVE'),
                                                                                                         (72, '윤도현', 'email72@hrbank.com', 'EMP-2024-01-072', 8, '사원', '2024-12-25', 'ACTIVE'),
                                                                                                         (73, '김하늘', 'email73@hrbank.com', 'EMP-2024-01-073', 1, '사원', '2024-12-28', 'ACTIVE'),
                                                                                                         (74, '이예준', 'email74@hrbank.com', 'EMP-2024-01-074', 2, '사원', '2024-12-30', 'ACTIVE'),
                                                                                                         (75, '박서연', 'email75@hrbank.com', 'EMP-2024-02-075', 3, '사원', '2025-01-02', 'ACTIVE'),
                                                                                                         (76, '최도윤', 'email76@hrbank.com', 'EMP-2024-02-076', 4, '사원', '2025-01-05', 'ACTIVE'),
                                                                                                         (77, '정민준', 'email77@hrbank.com', 'EMP-2024-02-077', 5, '사원', '2025-01-08', 'ACTIVE'),
                                                                                                         (78, '조서윤', 'email78@hrbank.com', 'EMP-2024-02-078', 6, '사원', '2025-01-10', 'ACTIVE'),
                                                                                                         (79, '윤하늘', 'email79@hrbank.com', 'EMP-2024-02-079', 7, '사원', '2025-01-12', 'ACTIVE'),
                                                                                                         (80, '김예준', 'email80@hrbank.com', 'EMP-2024-02-080', 8, '사원', '2025-01-15', 'ACTIVE'),
                                                                                                         (81, '이서윤', 'email81@hrbank.com', 'EMP-2024-02-081', 1, '사원', '2025-01-18', 'ACTIVE'),
                                                                                                         (82, '박하늘', 'email82@hrbank.com', 'EMP-2024-02-082', 2, '사원', '2025-01-20', 'ACTIVE'),
                                                                                                         (83, '최민준', 'email83@hrbank.com', 'EMP-2024-02-083', 3, '사원', '2025-01-22', 'ACTIVE'),
                                                                                                         (84, '정서윤', 'email84@hrbank.com', 'EMP-2024-02-084', 4, '사원', '2025-01-25', 'ACTIVE'),
                                                                                                         (85, '조하늘', 'email85@hrbank.com', 'EMP-2024-02-085', 5, '사원', '2025-01-28', 'ACTIVE'),
                                                                                                         (86, '윤도현', 'email86@hrbank.com', 'EMP-2024-02-086', 6, '사원', '2025-02-01', 'ACTIVE'),
                                                                                                         (87, '김하늘', 'email87@hrbank.com', 'EMP-2024-02-087', 7, '사원', '2025-02-05', 'ACTIVE'),
                                                                                                         (88, '이예준', 'email88@hrbank.com', 'EMP-2024-02-088', 8, '사원', '2025-02-10', 'ACTIVE'),
                                                                                                         (89, '박서연', 'email89@hrbank.com', 'EMP-2024-02-089', 1, '사원', '2025-02-12', 'ACTIVE'),
                                                                                                         (90, '최도윤', 'email90@hrbank.com', 'EMP-2024-02-090', 2, '사원', '2025-02-15', 'ACTIVE'),
                                                                                                         (91, '정민준', 'email91@hrbank.com', 'EMP-2024-02-091', 3, '사원', '2025-02-18', 'RESIGNED'),
                                                                                                         (92, '조서윤', 'email92@hrbank.com', 'EMP-2024-02-092', 4, '사원', '2025-02-20', 'RESIGNED'),
                                                                                                         (93, '윤하늘', 'email93@hrbank.com', 'EMP-2024-02-093', 5, '사원', '2025-02-22', 'RESIGNED'),
                                                                                                         (94, '김예준', 'email94@hrbank.com', 'EMP-2024-02-094', 6, '사원', '2025-02-25', 'RESIGNED'),
                                                                                                         (95, '이서윤', 'email95@hrbank.com', 'EMP-2024-02-095', 7, '사원', '2025-02-28', 'RESIGNED'),
                                                                                                         (96, '박하늘', 'email96@hrbank.com', 'EMP-2024-02-096', 8, '사원', '2025-03-01', 'ACTIVE'),
                                                                                                         (97, '최민준', 'email97@hrbank.com', 'EMP-2024-02-097', 1, '사원', '2025-03-05', 'ACTIVE'),
                                                                                                         (98, '정서윤', 'email98@hrbank.com', 'EMP-2024-02-098', 2, '사원', '2025-03-10', 'ACTIVE'),
                                                                                                         (99, '조하늘', 'email99@hrbank.com', 'EMP-2024-02-099', 3, '사원', '2025-03-15', 'ACTIVE'),
                                                                                                         (100, '윤도현', 'email100@hrbank.com', 'EMP-2024-02-100', 4, '사원', '2025-03-20', 'ACTIVE');

-- ===================================================
-- change_logs (입사/퇴사)
-- ===================================================
-- 입사 기록 (EMP-001 ~ EMP-100)
INSERT INTO change_logs (id, type, employee_number, memo, ip_address, at) VALUES
                                                                              (1, 'CREATED', 'EMP-2024-01-001', '입사', '192.168.1.1', '2024-01-05 09:00:00'),
                                                                              (2, 'CREATED', 'EMP-2024-01-002', '입사', '192.168.1.2', '2024-01-10 09:00:00'),
                                                                              (3, 'CREATED', 'EMP-2024-01-003', '입사', '192.168.1.3', '2024-01-15 09:00:00'),
                                                                              (4, 'CREATED', 'EMP-2024-01-004', '입사', '192.168.1.4', '2024-02-01 09:00:00'),
                                                                              (5, 'CREATED', 'EMP-2024-01-005', '입사', '192.168.1.5', '2024-02-05 09:00:00'),
                                                                              (6, 'CREATED', 'EMP-2024-01-006', '입사', '192.168.1.6', '2024-02-10 09:00:00'),
                                                                              (7, 'CREATED', 'EMP-2024-01-007', '입사', '192.168.1.7', '2024-02-15 09:00:00'),
                                                                              (8, 'CREATED', 'EMP-2024-01-008', '입사', '192.168.1.8', '2024-02-20 09:00:00'),
                                                                              (9, 'CREATED', 'EMP-2024-01-009', '입사', '192.168.1.9', '2024-02-25 09:00:00'),
                                                                              (10, 'CREATED', 'EMP-2024-01-010', '입사', '192.168.1.10', '2024-03-01 09:00:00'),
                                                                              (11, 'CREATED', 'EMP-2024-01-011', '입사', '192.168.1.11', '2024-03-05 09:00:00'),
                                                                              (12, 'CREATED', 'EMP-2024-01-012', '입사', '192.168.1.12', '2024-03-10 09:00:00'),
                                                                              (13, 'CREATED', 'EMP-2024-01-013', '입사', '192.168.1.13', '2024-03-15 09:00:00'),
                                                                              (14, 'CREATED', 'EMP-2024-01-014', '입사', '192.168.1.14', '2024-03-20 09:00:00'),
                                                                              (15, 'CREATED', 'EMP-2024-01-015', '입사', '192.168.1.15', '2024-03-25 09:00:00'),
                                                                              (16, 'CREATED', 'EMP-2024-01-016', '입사', '192.168.1.16', '2024-03-30 09:00:00'),
                                                                              (17, 'CREATED', 'EMP-2024-01-017', '입사', '192.168.1.17', '2024-04-01 09:00:00'),
                                                                              (18, 'CREATED', 'EMP-2024-01-018', '입사', '192.168.1.18', '2024-04-05 09:00:00'),
                                                                              (19, 'CREATED', 'EMP-2024-01-019', '입사', '192.168.1.19', '2024-04-10 09:00:00'),
                                                                              (20, 'CREATED', 'EMP-2024-01-020', '입사', '192.168.1.20', '2024-04-15 09:00:00'),
                                                                              (21, 'CREATED', 'EMP-2024-01-021', '입사', '192.168.1.21', '2024-04-20 09:00:00'),
                                                                              (22, 'CREATED', 'EMP-2024-01-022', '입사', '192.168.1.22', '2024-04-25 09:00:00'),
                                                                              (23, 'CREATED', 'EMP-2024-01-023', '입사', '192.168.1.23', '2024-04-30 09:00:00'),
                                                                              (24, 'CREATED', 'EMP-2024-01-024', '입사', '192.168.1.24', '2024-05-05 09:00:00'),
                                                                              (25, 'CREATED', 'EMP-2024-01-025', '입사', '192.168.1.25', '2024-05-10 09:00:00'),
                                                                              (26, 'CREATED', 'EMP-2024-01-026', '입사', '192.168.1.26', '2024-05-15 09:00:00'),
                                                                              (27, 'CREATED', 'EMP-2024-01-027', '입사', '192.168.1.27', '2024-05-20 09:00:00'),
                                                                              (28, 'CREATED', 'EMP-2024-01-028', '입사', '192.168.1.28', '2024-05-25 09:00:00'),
                                                                              (29, 'CREATED', 'EMP-2024-01-029', '입사', '192.168.1.29', '2024-05-30 09:00:00'),
                                                                              (30, 'CREATED', 'EMP-2024-01-030', '입사', '192.168.1.30', '2024-06-05 09:00:00'),
                                                                              (31, 'CREATED', 'EMP-2024-01-031', '입사', '192.168.1.31', '2024-06-10 09:00:00'),
                                                                              (32, 'CREATED', 'EMP-2024-01-032', '입사', '192.168.1.32', '2024-06-15 09:00:00'),
                                                                              (33, 'CREATED', 'EMP-2024-01-033', '입사', '192.168.1.33', '2024-06-20 09:00:00'),
                                                                              (34, 'CREATED', 'EMP-2024-01-034', '입사', '192.168.1.34', '2024-06-25 09:00:00'),
                                                                              (35, 'CREATED', 'EMP-2024-01-035', '입사', '192.168.1.35', '2024-06-30 09:00:00'),
                                                                              (36, 'CREATED', 'EMP-2024-01-036', '입사', '192.168.1.36', '2024-07-05 09:00:00'),
                                                                              (37, 'CREATED', 'EMP-2024-01-037', '입사', '192.168.1.37', '2024-07-10 09:00:00'),
                                                                              (38, 'CREATED', 'EMP-2024-01-038', '입사', '192.168.1.38', '2024-07-15 09:00:00'),
                                                                              (39, 'CREATED', 'EMP-2024-01-039', '입사', '192.168.1.39', '2024-07-20 09:00:00'),
                                                                              (40, 'CREATED', 'EMP-2024-01-040', '입사', '192.168.1.40', '2024-07-25 09:00:00'),
                                                                              (41, 'CREATED', 'EMP-2024-01-041', '입사', '192.168.1.41', '2024-08-01 09:00:00'),
                                                                              (42, 'CREATED', 'EMP-2024-01-042', '입사', '192.168.1.42', '2024-08-05 09:00:00'),
                                                                              (43, 'CREATED', 'EMP-2024-01-043', '입사', '192.168.1.43', '2024-08-10 09:00:00'),
                                                                              (44, 'CREATED', 'EMP-2024-01-044', '입사', '192.168.1.44', '2024-08-15 09:00:00'),
                                                                              (45, 'CREATED', 'EMP-2024-01-045', '입사', '192.168.1.45', '2024-08-20 09:00:00'),
                                                                              (46, 'CREATED', 'EMP-2024-01-046', '입사', '192.168.1.46', '2024-08-25 09:00:00'),
                                                                              (47, 'CREATED', 'EMP-2024-01-047', '입사', '192.168.1.47', '2024-08-30 09:00:00'),
                                                                              (48, 'CREATED', 'EMP-2024-01-048', '입사', '192.168.1.48', '2024-09-05 09:00:00'),
                                                                              (49, 'CREATED', 'EMP-2024-01-049', '입사', '192.168.1.49', '2024-09-10 09:00:00'),
                                                                              (50, 'CREATED', 'EMP-2024-01-050', '입사', '192.168.1.50', '2024-09-15 09:00:00'),
                                                                              (51, 'CREATED', 'EMP-2024-01-051', '입사', '192.168.1.51', '2024-09-20 09:00:00'),
                                                                              (52, 'CREATED', 'EMP-2024-01-052', '입사', '192.168.1.52', '2024-09-25 09:00:00'),
                                                                              (53, 'CREATED', 'EMP-2024-01-053', '입사', '192.168.1.53', '2024-09-30 09:00:00'),
                                                                              (54, 'CREATED', 'EMP-2024-01-054', '입사', '192.168.1.54', '2024-10-05 09:00:00'),
                                                                              (55, 'CREATED', 'EMP-2024-01-055', '입사', '192.168.1.55', '2024-10-10 09:00:00'),
                                                                              (56, 'CREATED', 'EMP-2024-01-056', '입사', '192.168.1.56', '2024-10-15 09:00:00'),
                                                                              (57, 'CREATED', 'EMP-2024-01-057', '입사', '192.168.1.57', '2024-10-20 09:00:00'),
                                                                              (58, 'CREATED', 'EMP-2024-01-058', '입사', '192.168.1.58', '2024-10-25 09:00:00'),
                                                                              (59, 'CREATED', 'EMP-2024-01-059', '입사', '192.168.1.59', '2024-10-30 09:00:00'),
                                                                              (60, 'CREATED', 'EMP-2024-01-060', '입사', '192.168.1.60', '2024-11-05 09:00:00'),
                                                                              (61, 'CREATED', 'EMP-2024-01-061', '입사', '192.168.1.61', '2024-11-10 09:00:00'),
                                                                              (62, 'CREATED', 'EMP-2024-01-062', '입사', '192.168.1.62', '2024-11-15 09:00:00'),
                                                                              (63, 'CREATED', 'EMP-2024-01-063', '입사', '192.168.1.63', '2024-11-20 09:00:00'),
                                                                              (64, 'CREATED', 'EMP-2024-01-064', '입사', '192.168.1.64', '2024-11-25 09:00:00'),
                                                                              (65, 'CREATED', 'EMP-2024-01-065', '입사', '192.168.1.65', '2024-11-30 09:00:00'),
                                                                              (66, 'CREATED', 'EMP-2024-01-066', '입사', '192.168.1.66', '2024-12-05 09:00:00'),
                                                                              (67, 'CREATED', 'EMP-2024-01-067', '입사', '192.168.1.67', '2024-12-10 09:00:00'),
                                                                              (68, 'CREATED', 'EMP-2024-01-068', '입사', '192.168.1.68', '2024-12-15 09:00:00'),
                                                                              (69, 'CREATED', 'EMP-2024-01-069', '입사', '192.168.1.69', '2024-12-20 09:00:00'),
                                                                              (70, 'CREATED', 'EMP-2024-01-070', '입사', '192.168.1.70', '2024-12-25 09:00:00'),
                                                                              (71, 'CREATED', 'EMP-2024-02-071', '입사', '192.168.1.71', '2025-01-05 09:00:00'),
                                                                              (72, 'CREATED', 'EMP-2024-02-072', '입사', '192.168.1.72', '2025-01-10 09:00:00'),
                                                                              (73, 'CREATED', 'EMP-2024-02-073', '입사', '192.168.1.73', '2025-01-15 09:00:00'),
                                                                              (74, 'CREATED', 'EMP-2024-02-074', '입사', '192.168.1.74', '2025-01-20 09:00:00'),
                                                                              (75, 'CREATED', 'EMP-2024-02-075', '입사', '192.168.1.75', '2025-01-25 09:00:00'),
                                                                              (76, 'CREATED', 'EMP-2024-02-076', '입사', '192.168.1.76', '2025-01-30 09:00:00'),
                                                                              (77, 'CREATED', 'EMP-2024-02-077', '입사', '192.168.1.77', '2025-02-05 09:00:00'),
                                                                              (78, 'CREATED', 'EMP-2024-02-078', '입사', '192.168.1.78', '2025-02-10 09:00:00'),
                                                                              (79, 'CREATED', 'EMP-2024-02-079', '입사', '192.168.1.79', '2025-02-12 09:00:00'),
                                                                              (80, 'CREATED', 'EMP-2024-02-080', '입사', '192.168.1.80', '2025-02-14 09:00:00'),
                                                                              (81, 'CREATED', 'EMP-2024-02-081', '입사', '192.168.1.81', '2025-02-16 09:00:00'),
                                                                              (82, 'CREATED', 'EMP-2024-02-082', '입사', '192.168.1.82', '2025-02-18 09:00:00'),
                                                                              (83, 'CREATED', 'EMP-2024-02-083', '입사', '192.168.1.83', '2025-02-20 09:00:00'),
                                                                              (84, 'CREATED', 'EMP-2024-02-084', '입사', '192.168.1.84', '2025-02-22 09:00:00'),
                                                                              (85, 'CREATED', 'EMP-2024-02-085', '입사', '192.168.1.85', '2025-02-24 09:00:00'),
                                                                              (86, 'CREATED', 'EMP-2024-02-086', '입사', '192.168.1.86', '2025-02-26 09:00:00'),
                                                                              (87, 'CREATED', 'EMP-2024-02-087', '입사', '192.168.1.87', '2025-02-28 09:00:00'),
                                                                              (88, 'CREATED', 'EMP-2024-02-088', '입사', '192.168.1.88', '2025-03-01 09:00:00'),
                                                                              (89, 'CREATED', 'EMP-2024-02-089', '입사', '192.168.1.89', '2025-03-03 09:00:00'),
                                                                              (90, 'CREATED', 'EMP-2024-02-090', '입사', '192.168.1.90', '2025-03-05 09:00:00'),
                                                                              (91, 'CREATED', 'EMP-2024-02-091', '입사', '192.168.1.91', '2025-03-07 09:00:00'),
                                                                              (92, 'CREATED', 'EMP-2024-02-092', '입사', '192.168.1.92', '2025-03-09 09:00:00'),
                                                                              (93, 'CREATED', 'EMP-2024-02-093', '입사', '192.168.1.93', '2025-03-11 09:00:00'),
                                                                              (94, 'CREATED', 'EMP-2024-02-094', '입사', '192.168.1.94', '2025-03-13 09:00:00'),
                                                                              (95, 'CREATED', 'EMP-2024-02-095', '입사', '192.168.1.95', '2025-03-15 09:00:00'),
                                                                              (96, 'CREATED', 'EMP-2024-02-096', '입사', '192.168.1.96', '2025-03-17 09:00:00'),
                                                                              (97, 'CREATED', 'EMP-2024-02-097', '입사', '192.168.1.97', '2025-03-19 09:00:00'),
                                                                              (98, 'CREATED', 'EMP-2024-02-098', '입사', '192.168.1.98', '2025-03-21 09:00:00'),
                                                                              (99, 'CREATED', 'EMP-2024-02-099', '입사', '192.168.1.99', '2025-03-23 09:00:00'),
                                                                              (100, 'CREATED', 'EMP-2024-02-100', '입사', '192.168.1.100', '2025-03-25 09:00:00');

-- ===================================================
-- change_logs (퇴사)
-- ===================================================
INSERT INTO change_logs (id, type, employee_number, memo, ip_address, at) VALUES
                                                                              (101, 'UPDATED', 'EMP-2024-02-091', '퇴사 처리', '192.168.2.91', '2025-08-01 09:00:00'),
                                                                              (102, 'UPDATED', 'EMP-2024-02-092', '퇴사 처리', '192.168.2.92', '2025-08-02 09:00:00'),
                                                                              (103, 'UPDATED', 'EMP-2024-02-093', '퇴사 처리', '192.168.2.93', '2025-08-03 09:00:00'),
                                                                              (104, 'UPDATED', 'EMP-2024-02-094', '퇴사 처리', '192.168.2.94', '2025-08-04 09:00:00'),
                                                                              (105, 'UPDATED', 'EMP-2024-02-095', '퇴사 처리', '192.168.2.95', '2025-08-05 09:00:00');


-- ===================================================
-- change_log_diffs (입사/퇴사 상태)
-- ===================================================
-- 입사 기록 (EMP-001 ~ EMP-100)
INSERT INTO change_log_diffs (id, log_id, property_name, before, after) VALUES
                                                                            (1, 1, 'status', NULL, 'ACTIVE'),
                                                                            (2, 2, 'status', NULL, 'ACTIVE'),
                                                                            (3, 3, 'status', NULL, 'ACTIVE'),
                                                                            (4, 4, 'status', NULL, 'ACTIVE'),
                                                                            (5, 5, 'status', NULL, 'ACTIVE'),
                                                                            (6, 6, 'status', NULL, 'ACTIVE'),
                                                                            (7, 7, 'status', NULL, 'ACTIVE'),
                                                                            (8, 8, 'status', NULL, 'ACTIVE'),
                                                                            (9, 9, 'status', NULL, 'ACTIVE'),
                                                                            (10, 10, 'status', NULL, 'ACTIVE'),
                                                                            (11, 11, 'status', NULL, 'ACTIVE'),
                                                                            (12, 12, 'status', NULL, 'ACTIVE'),
                                                                            (13, 13, 'status', NULL, 'ACTIVE'),
                                                                            (14, 14, 'status', NULL, 'ACTIVE'),
                                                                            (15, 15, 'status', NULL, 'ACTIVE'),
                                                                            (16, 16, 'status', NULL, 'ACTIVE'),
                                                                            (17, 17, 'status', NULL, 'ACTIVE'),
                                                                            (18, 18, 'status', NULL, 'ACTIVE'),
                                                                            (19, 19, 'status', NULL, 'ACTIVE'),
                                                                            (20, 20, 'status', NULL, 'ACTIVE'),
                                                                            (21, 21, 'status', NULL, 'ACTIVE'),
                                                                            (22, 22, 'status', NULL, 'ACTIVE'),
                                                                            (23, 23, 'status', NULL, 'ACTIVE'),
                                                                            (24, 24, 'status', NULL, 'ACTIVE'),
                                                                            (25, 25, 'status', NULL, 'ACTIVE'),
                                                                            (26, 26, 'status', NULL, 'ACTIVE'),
                                                                            (27, 27, 'status', NULL, 'ACTIVE'),
                                                                            (28, 28, 'status', NULL, 'ACTIVE'),
                                                                            (29, 29, 'status', NULL, 'ACTIVE'),
                                                                            (30, 30, 'status', NULL, 'ACTIVE'),
                                                                            (31, 31, 'status', NULL, 'ACTIVE'),
                                                                            (32, 32, 'status', NULL, 'ACTIVE'),
                                                                            (33, 33, 'status', NULL, 'ACTIVE'),
                                                                            (34, 34, 'status', NULL, 'ACTIVE'),
                                                                            (35, 35, 'status', NULL, 'ACTIVE'),
                                                                            (36, 36, 'status', NULL, 'ACTIVE'),
                                                                            (37, 37, 'status', NULL, 'ACTIVE'),
                                                                            (38, 38, 'status', NULL, 'ACTIVE'),
                                                                            (39, 39, 'status', NULL, 'ACTIVE'),
                                                                            (40, 40, 'status', NULL, 'ACTIVE'),
                                                                            (41, 41, 'status', NULL, 'ACTIVE'),
                                                                            (42, 42, 'status', NULL, 'ACTIVE'),
                                                                            (43, 43, 'status', NULL, 'ACTIVE'),
                                                                            (44, 44, 'status', NULL, 'ACTIVE'),
                                                                            (45, 45, 'status', NULL, 'ACTIVE'),
                                                                            (46, 46, 'status', NULL, 'ACTIVE'),
                                                                            (47, 47, 'status', NULL, 'ACTIVE'),
                                                                            (48, 48, 'status', NULL, 'ACTIVE'),
                                                                            (49, 49, 'status', NULL, 'ACTIVE'),
                                                                            (50, 50, 'status', NULL, 'ACTIVE'),
                                                                            (51, 51, 'status', NULL, 'ACTIVE'),
                                                                            (52, 52, 'status', NULL, 'ACTIVE'),
                                                                            (53, 53, 'status', NULL, 'ACTIVE'),
                                                                            (54, 54, 'status', NULL, 'ACTIVE'),
                                                                            (55, 55, 'status', NULL, 'ACTIVE'),
                                                                            (56, 56, 'status', NULL, 'ACTIVE'),
                                                                            (57, 57, 'status', NULL, 'ACTIVE'),
                                                                            (58, 58, 'status', NULL, 'ACTIVE'),
                                                                            (59, 59, 'status', NULL, 'ACTIVE'),
                                                                            (60, 60, 'status', NULL, 'ACTIVE'),
                                                                            (61, 61, 'status', NULL, 'ACTIVE'),
                                                                            (62, 62, 'status', NULL, 'ACTIVE'),
                                                                            (63, 63, 'status', NULL, 'ACTIVE'),
                                                                            (64, 64, 'status', NULL, 'ACTIVE'),
                                                                            (65, 65, 'status', NULL, 'ACTIVE'),
                                                                            (66, 66, 'status', NULL, 'ACTIVE'),
                                                                            (67, 67, 'status', NULL, 'ACTIVE'),
                                                                            (68, 68, 'status', NULL, 'ACTIVE'),
                                                                            (69, 69, 'status', NULL, 'ACTIVE'),
                                                                            (70, 70, 'status', NULL, 'ACTIVE'),
                                                                            (71, 71, 'status', NULL, 'ACTIVE'),
                                                                            (72, 72, 'status', NULL, 'ACTIVE'),
                                                                            (73, 73, 'status', NULL, 'ACTIVE'),
                                                                            (74, 74, 'status', NULL, 'ACTIVE'),
                                                                            (75, 75, 'status', NULL, 'ACTIVE'),
                                                                            (76, 76, 'status', NULL, 'ACTIVE'),
                                                                            (77, 77, 'status', NULL, 'ACTIVE'),
                                                                            (78, 78, 'status', NULL, 'ACTIVE'),
                                                                            (79, 79, 'status', NULL, 'ACTIVE'),
                                                                            (80, 80, 'status', NULL, 'ACTIVE'),
                                                                            (81, 81, 'status', NULL, 'ACTIVE'),
                                                                            (82, 82, 'status', NULL, 'ACTIVE'),
                                                                            (83, 83, 'status', NULL, 'ACTIVE'),
                                                                            (84, 84, 'status', NULL, 'ACTIVE'),
                                                                            (85, 85, 'status', NULL, 'ACTIVE'),
                                                                            (86, 86, 'status', NULL, 'ACTIVE'),
                                                                            (87, 87, 'status', NULL, 'ACTIVE'),
                                                                            (88, 88, 'status', NULL, 'ACTIVE'),
                                                                            (89, 89, 'status', NULL, 'ACTIVE'),
                                                                            (90, 90, 'status', NULL, 'ACTIVE'),
                                                                            (91, 91, 'status', NULL, 'ACTIVE'),
                                                                            (92, 92, 'status', NULL, 'ACTIVE'),
                                                                            (93, 93, 'status', NULL, 'ACTIVE'),
                                                                            (94, 94, 'status', NULL, 'ACTIVE'),
                                                                            (95, 95, 'status', NULL, 'ACTIVE'),
                                                                            (96, 96, 'status', NULL, 'ACTIVE'),
                                                                            (97, 97, 'status', NULL, 'ACTIVE'),
                                                                            (98, 98, 'status', NULL, 'ACTIVE'),
                                                                            (99, 99, 'status', NULL, 'ACTIVE'),
                                                                            (100, 100, 'status', NULL, 'ACTIVE');

-- 퇴사 기록 (EMP-091 ~ EMP-095)
INSERT INTO change_log_diffs (id, log_id, property_name, before, after) VALUES
                                                                            (101, 101, 'status', 'ACTIVE', 'RESIGNED'),
                                                                            (102, 102, 'status', 'ACTIVE', 'RESIGNED'),
                                                                            (103, 103, 'status', 'ACTIVE', 'RESIGNED'),
                                                                            (104, 104, 'status', 'ACTIVE', 'RESIGNED'),
                                                                            (105, 105, 'status', 'ACTIVE', 'RESIGNED');




-- H2 시퀀스 초기화
ALTER TABLE departments ALTER COLUMN id RESTART WITH 9;
ALTER TABLE employees ALTER COLUMN id RESTART WITH 101;
ALTER TABLE change_logs ALTER COLUMN id RESTART WITH 137;
ALTER TABLE change_log_diffs ALTER COLUMN id RESTART WITH 137;