INSERT INTO departments (id, name, description, established_date) VALUES (1, '인사팀', '인사 관리를 담당하는 부서', '2020-01-15');
INSERT INTO departments (id, name, description, established_date) VALUES (2, '총무팀', '각종 업무를 담당하는 부서', '2019-05-20');
INSERT INTO departments (id, name, description, established_date) VALUES (3, '마케팅팀', '제품 홍보 및 마케팅을 담당하는 부서', '2021-03-10');
INSERT INTO departments (id, name, description, established_date) VALUES (4, '영업1팀', '제품 판매 및 고객 관리를 담당하는 부서', '2020-04-01');
INSERT INTO departments (id, name, description, established_date) VALUES (5, '영업2팀', '제품 판매 및 고객 관리를 담당하는 부서', '2022-02-01');
INSERT INTO departments (id, name, description, established_date) VALUES (6, '개발1팀', '서비스 개발을 담당하는 부서', '2020-01-15');
INSERT INTO departments (id, name, description, established_date) VALUES (7, '개발2팀', '서비스 개발을 담당하는 부서', '2021-01-30');
INSERT INTO departments (id, name, description, established_date) VALUES (8, '개발3팀', '서비스 개발을 담당하는 부서', '2022-03-14');

INSERT INTO employees (id, name, email, employee_number, department_id, position, hire_date, status) VALUES (1, '전예나', 'email1@hrbank.com', 'EMP-2025-08-001', 6, '차장', '2025-08-15', 'ACTIVE');
INSERT INTO employees (id, name, email, employee_number, department_id, position, hire_date, status) VALUES (2, '우하윤', 'email2@hrbank.com', 'EMP-2023-12-001', 1, '사원', '2023-12-23', 'ACTIVE');
INSERT INTO employees (id, name, email, employee_number, department_id, position, hire_date, status) VALUES (3, '나서현', 'email3@hrbank.com', 'EMP-2025-06-001', 3, '사원', '2025-06-11', 'ACTIVE');
INSERT INTO employees (id, name, email, employee_number, department_id, position, hire_date, status) VALUES (4, '양리아', 'email4@hrbank.com', 'EMP-2023-01-001', 3, '차장', '2023-01-10', 'ACTIVE');
INSERT INTO employees (id, name, email, employee_number, department_id, position, hire_date, status) VALUES (5, '문재이', 'email5@hrbank.com', 'EMP-2024-08-001', 4, '사원', '2024-08-15', 'ACTIVE');
INSERT INTO employees (id, name, email, employee_number, department_id, position, hire_date, status) VALUES (6, '조재이', 'email6@hrbank.com', 'EMP-2024-04-001', 6, '대리', '2024-04-04', 'ACTIVE');
INSERT INTO employees (id, name, email, employee_number, department_id, position, hire_date, status) VALUES (7, '이하윤', 'email7@hrbank.com', 'EMP-2024-11-001', 5, '사원', '2024-11-17', 'ACTIVE');
INSERT INTO employees (id, name, email, employee_number, department_id, position, hire_date, status) VALUES (8, '복하린', 'email8@hrbank.com', 'EMP-2023-05-001', 1, '과장', '2023-05-14', 'ACTIVE');
INSERT INTO employees (id, name, email, employee_number, department_id, position, hire_date, status) VALUES (9, '진시은', 'email9@hrbank.com', 'EMP-2023-06-001', 2, '과장', '2023-06-18', 'ACTIVE');
INSERT INTO employees (id, name, email, employee_number, department_id, position, hire_date, status) VALUES (10, '홍재이', 'email10@hrbank.com', 'EMP-2024-08-002', 2, '차장', '2024-08-04', 'ACTIVE');
INSERT INTO employees (id, name, email, employee_number, department_id, position, hire_date, status) VALUES (11, '백채원', 'email11@hrbank.com', 'EMP-2023-06-002', 7, '사원', '2023-06-11', 'ACTIVE');
INSERT INTO employees (id, name, email, employee_number, department_id, position, hire_date, status) VALUES (12, '마서영', 'email12@hrbank.com', 'EMP-2023-04-001', 2, '대리', '2023-04-14', 'ACTIVE');
INSERT INTO employees (id, name, email, employee_number, department_id, position, hire_date, status) VALUES (13, '권로아', 'email13@hrbank.com', 'EMP-2023-10-001', 5, '사원', '2023-10-19', 'ACTIVE');
INSERT INTO employees (id, name, email, employee_number, department_id, position, hire_date, status) VALUES (14, '조아린', 'email14@hrbank.com', 'EMP-2024-03-001', 7, '사원', '2024-03-09', 'ACTIVE');
INSERT INTO employees (id, name, email, employee_number, department_id, position, hire_date, status) VALUES (15, '태유진', 'email15@hrbank.com', 'EMP-2023-07-001', 3, '사원', '2023-07-07', 'ACTIVE');
INSERT INTO employees (id, name, email, employee_number, department_id, position, hire_date, status) VALUES (16, '홍윤아', 'email16@hrbank.com', 'EMP-2023-07-002', 8, '대리', '2023-07-18', 'ACTIVE');
INSERT INTO employees (id, name, email, employee_number, department_id, position, hire_date, status) VALUES (17, '심아인', 'email17@hrbank.com', 'EMP-2025-05-001', 5, '인턴', '2025-05-20', 'ACTIVE');
INSERT INTO employees (id, name, email, employee_number, department_id, position, hire_date, status) VALUES (18, '지지민', 'email18@hrbank.com', 'EMP-2025-07-001', 1, '사원', '2025-07-04', 'ACTIVE');
INSERT INTO employees (id, name, email, employee_number, department_id, position, hire_date, status) VALUES (19, '마예진', 'email19@hrbank.com', 'EMP-2025-07-002', 6, '사원', '2025-07-27', 'ACTIVE');
INSERT INTO employees (id, name, email, employee_number, department_id, position, hire_date, status) VALUES (20, '권지민', 'email20@hrbank.com', 'EMP-2024-03-002', 4, '차장', '2024-03-25', 'ACTIVE');
INSERT INTO employees (id, name, email, employee_number, department_id, position, hire_date, status) VALUES (21, '박수아', 'email21@hrbank.com', 'EMP-2025-06-002', 1, '사원', '2025-06-21', 'ACTIVE');
INSERT INTO employees (id, name, email, employee_number, department_id, position, hire_date, status) VALUES (22, '안시은', 'email22@hrbank.com', 'EMP-2023-09-001', 5, '사원', '2023-09-13', 'ACTIVE');
INSERT INTO employees (id, name, email, employee_number, department_id, position, hire_date, status) VALUES (23, '황수아', 'email23@hrbank.com', 'EMP-2023-06-003', 3, '사원', '2023-06-29', 'ACTIVE');
INSERT INTO employees (id, name, email, employee_number, department_id, position, hire_date, status) VALUES (24, '문지유', 'email24@hrbank.com', 'EMP-2024-09-001', 1, '사원', '2024-09-23', 'ACTIVE');
INSERT INTO employees (id, name, email, employee_number, department_id, position, hire_date, status) VALUES (25, '송연우', 'email25@hrbank.com', 'EMP-2024-06-001', 1, '대리', '2024-06-18', 'ACTIVE');
INSERT INTO employees (id, name, email, employee_number, department_id, position, hire_date, status) VALUES (26, '허시아', 'email26@hrbank.com', 'EMP-2025-07-003', 7, '차장', '2025-07-04', 'ACTIVE');
INSERT INTO employees (id, name, email, employee_number, department_id, position, hire_date, status) VALUES (27, '장수빈', 'email27@hrbank.com', 'EMP-2024-03-003', 8, '차장', '2024-03-12', 'ACTIVE');
INSERT INTO employees (id, name, email, employee_number, department_id, position, hire_date, status) VALUES (28, '류태리', 'email28@hrbank.com', 'EMP-2025-08-002', 8, '인턴', '2025-08-13', 'ACTIVE');
INSERT INTO employees (id, name, email, employee_number, department_id, position, hire_date, status) VALUES (29, '조서영', 'email29@hrbank.com', 'EMP-2023-11-001', 4, '인턴', '2023-11-16', 'ACTIVE');
INSERT INTO employees (id, name, email, employee_number, department_id, position, hire_date, status) VALUES (30, '권유주', 'email30@hrbank.com', 'EMP-2025-07-004', 2, '사원', '2025-07-20', 'ACTIVE');
INSERT INTO employees (id, name, email, employee_number, department_id, position, hire_date, status) VALUES (31, '복예은', 'email31@hrbank.com', 'EMP-2023-08-001', 7, '대리', '2023-08-15', 'ACTIVE');
INSERT INTO employees (id, name, email, employee_number, department_id, position, hire_date, status) VALUES (32, '지민서', 'email32@hrbank.com', 'EMP-2023-03-001', 1, '사원', '2023-03-19', 'ACTIVE');
INSERT INTO employees (id, name, email, employee_number, department_id, position, hire_date, status) VALUES (33, '강주아', 'email33@hrbank.com', 'EMP-2025-06-003', 7, '사원', '2025-06-13', 'ACTIVE');
INSERT INTO employees (id, name, email, employee_number, department_id, position, hire_date, status) VALUES (34, '김채은', 'email34@hrbank.com', 'EMP-2025-08-003', 6, '사원', '2025-08-11', 'ACTIVE');
INSERT INTO employees (id, name, email, employee_number, department_id, position, hire_date, status) VALUES (35, '강태리', 'email35@hrbank.com', 'EMP-2025-08-004', 7, '사원', '2025-08-26', 'ACTIVE');
INSERT INTO employees (id, name, email, employee_number, department_id, position, hire_date, status) VALUES (36, '노연우', 'email36@hrbank.com', 'EMP-2024-10-001', 3, '사원', '2024-10-09', 'ACTIVE');
INSERT INTO employees (id, name, email, employee_number, department_id, position, hire_date, status) VALUES (37, '백하은', 'email37@hrbank.com', 'EMP-2023-11-002', 3, '대리', '2023-11-18', 'ACTIVE');
INSERT INTO employees (id, name, email, employee_number, department_id, position, hire_date, status) VALUES (38, '정지아', 'email38@hrbank.com', 'EMP-2024-01-001', 3, '대리', '2024-01-23', 'ACTIVE');
INSERT INTO employees (id, name, email, employee_number, department_id, position, hire_date, status) VALUES (39, '한하린', 'email39@hrbank.com', 'EMP-2025-08-005', 2, '사원', '2025-08-16', 'ACTIVE');
INSERT INTO employees (id, name, email, employee_number, department_id, position, hire_date, status) VALUES (40, '윤예린', 'email40@hrbank.com', 'EMP-2023-07-003', 2, '대리', '2023-07-30', 'ACTIVE');
INSERT INTO employees (id, name, email, employee_number, department_id, position, hire_date, status) VALUES (41, '진예은', 'email41@hrbank.com', 'EMP-2023-04-002', 3, '대리', '2023-04-29', 'ACTIVE');
INSERT INTO employees (id, name, email, employee_number, department_id, position, hire_date, status) VALUES (42, '구지우', 'email42@hrbank.com', 'EMP-2025-08-006', 4, '차장', '2025-08-26', 'ACTIVE');
INSERT INTO employees (id, name, email, employee_number, department_id, position, hire_date, status) VALUES (43, '손서연', 'email43@hrbank.com', 'EMP-2023-11-003', 1, '차장', '2023-11-13', 'ACTIVE');
INSERT INTO employees (id, name, email, employee_number, department_id, position, hire_date, status) VALUES (44, '성은서', 'email44@hrbank.com', 'EMP-2024-05-001', 8, '인턴', '2024-05-28', 'ACTIVE');
INSERT INTO employees (id, name, email, employee_number, department_id, position, hire_date, status) VALUES (45, '전하린', 'email45@hrbank.com', 'EMP-2023-11-004', 4, '사원', '2023-11-14', 'ACTIVE');
INSERT INTO employees (id, name, email, employee_number, department_id, position, hire_date, status) VALUES (46, '조서현', 'email46@hrbank.com', 'EMP-2024-07-001', 1, '대리', '2024-07-28', 'ACTIVE');
INSERT INTO employees (id, name, email, employee_number, department_id, position, hire_date, status) VALUES (47, '노수빈', 'email47@hrbank.com', 'EMP-2024-08-003', 3, '대리', '2024-08-07', 'ACTIVE');
INSERT INTO employees (id, name, email, employee_number, department_id, position, hire_date, status) VALUES (48, '최서연', 'email48@hrbank.com', 'EMP-2025-01-001', 2, '인턴', '2025-01-17', 'ACTIVE');
INSERT INTO employees (id, name, email, employee_number, department_id, position, hire_date, status) VALUES (49, '배윤서', 'email49@hrbank.com', 'EMP-2024-09-002', 6, '사원', '2024-09-25', 'ACTIVE');
INSERT INTO employees (id, name, email, employee_number, department_id, position, hire_date, status) VALUES (50, '송아린', 'email50@hrbank.com', 'EMP-2024-12-001', 7, '사원', '2024-12-27', 'ACTIVE');
INSERT INTO employees (id, name, email, employee_number, department_id, position, hire_date, status) VALUES (51, '장하윤', 'email51@hrbank.com', 'EMP-2023-05-002', 7, '과장', '2023-05-10', 'ACTIVE');
INSERT INTO employees (id, name, email, employee_number, department_id, position, hire_date, status) VALUES (52, '주채원', 'email52@hrbank.com', 'EMP-2023-02-001', 1, '과장', '2023-02-17', 'ACTIVE');
INSERT INTO employees (id, name, email, employee_number, department_id, position, hire_date, status) VALUES (53, '나태리', 'email53@hrbank.com', 'EMP-2025-06-004', 4, '사원', '2025-06-15', 'ACTIVE');
INSERT INTO employees (id, name, email, employee_number, department_id, position, hire_date, status) VALUES (54, '최리아', 'email54@hrbank.com', 'EMP-2025-03-001', 7, '사원', '2025-03-28', 'ACTIVE');
INSERT INTO employees (id, name, email, employee_number, department_id, position, hire_date, status) VALUES (55, '표나은', 'email55@hrbank.com', 'EMP-2023-12-002', 7, '대리', '2023-12-19', 'ACTIVE');
INSERT INTO employees (id, name, email, employee_number, department_id, position, hire_date, status) VALUES (56, '문윤아', 'email56@hrbank.com', 'EMP-2024-08-004', 4, '차장', '2024-08-17', 'ACTIVE');
INSERT INTO employees (id, name, email, employee_number, department_id, position, hire_date, status) VALUES (57, '양민지', 'email57@hrbank.com', 'EMP-2023-02-002', 5, '차장', '2023-02-21', 'ACTIVE');
INSERT INTO employees (id, name, email, employee_number, department_id, position, hire_date, status) VALUES (58, '황하은', 'email58@hrbank.com', 'EMP-2025-06-005', 4, '과장', '2025-06-28', 'ACTIVE');
INSERT INTO employees (id, name, email, employee_number, department_id, position, hire_date, status) VALUES (59, '강민지', 'email59@hrbank.com', 'EMP-2024-09-003', 2, '대리', '2024-09-07', 'ACTIVE');
INSERT INTO employees (id, name, email, employee_number, department_id, position, hire_date, status) VALUES (60, '송유나', 'email60@hrbank.com', 'EMP-2023-01-002', 4, '사원', '2023-01-01', 'ACTIVE');
INSERT INTO employees (id, name, email, employee_number, department_id, position, hire_date, status) VALUES (61, '전유진', 'email61@hrbank.com', 'EMP-2023-09-002', 1, '차장', '2023-09-28', 'ACTIVE');
INSERT INTO employees (id, name, email, employee_number, department_id, position, hire_date, status) VALUES (62, '조현서', 'email62@hrbank.com', 'EMP-2024-05-002', 4, '과장', '2024-05-10', 'ACTIVE');
INSERT INTO employees (id, name, email, employee_number, department_id, position, hire_date, status) VALUES (63, '명현서', 'email63@hrbank.com', 'EMP-2025-03-002', 8, '사원', '2025-03-20', 'ACTIVE');
INSERT INTO employees (id, name, email, employee_number, department_id, position, hire_date, status) VALUES (64, '명이서', 'email64@hrbank.com', 'EMP-2025-09-001', 8, '사원', '2025-09-12', 'ACTIVE');
INSERT INTO employees (id, name, email, employee_number, department_id, position, hire_date, status) VALUES (65, '홍재이', 'email65@hrbank.com', 'EMP-2023-04-003', 4, '차장', '2023-04-12', 'ACTIVE');
INSERT INTO employees (id, name, email, employee_number, department_id, position, hire_date, status) VALUES (66, '표나은', 'email66@hrbank.com', 'EMP-2023-07-004', 2, '과장', '2023-07-27', 'ACTIVE');
INSERT INTO employees (id, name, email, employee_number, department_id, position, hire_date, status) VALUES (67, '황예린', 'email67@hrbank.com', 'EMP-2023-08-002', 4, '대리', '2023-08-14', 'ACTIVE');
INSERT INTO employees (id, name, email, employee_number, department_id, position, hire_date, status) VALUES (68, '최소윤', 'email68@hrbank.com', 'EMP-2024-08-005', 5, '대리', '2024-08-08', 'ACTIVE');
INSERT INTO employees (id, name, email, employee_number, department_id, position, hire_date, status) VALUES (69, '태채원', 'email69@hrbank.com', 'EMP-2023-01-003', 2, '차장', '2023-01-12', 'ACTIVE');
INSERT INTO employees (id, name, email, employee_number, department_id, position, hire_date, status) VALUES (70, '문지아', 'email70@hrbank.com', 'EMP-2025-06-006', 3, '차장', '2025-06-19', 'ACTIVE');
INSERT INTO employees (id, name, email, employee_number, department_id, position, hire_date, status) VALUES (71, '박주아', 'email71@hrbank.com', 'EMP-2025-08-007', 5, '사원', '2025-08-25', 'ACTIVE');
INSERT INTO employees (id, name, email, employee_number, department_id, position, hire_date, status) VALUES (72, '류지아', 'email72@hrbank.com', 'EMP-2024-11-002', 6, '대리', '2024-11-25', 'ACTIVE');
INSERT INTO employees (id, name, email, employee_number, department_id, position, hire_date, status) VALUES (73, '명지민', 'email73@hrbank.com', 'EMP-2023-02-003', 1, '사원', '2023-02-24', 'ACTIVE');
INSERT INTO employees (id, name, email, employee_number, department_id, position, hire_date, status) VALUES (74, '심서영', 'email74@hrbank.com', 'EMP-2024-05-003', 2, '사원', '2024-05-27', 'ACTIVE');
INSERT INTO employees (id, name, email, employee_number, department_id, position, hire_date, status) VALUES (75, '곽예은', 'email75@hrbank.com', 'EMP-2024-11-003', 7, '과장', '2024-11-04', 'ACTIVE');
INSERT INTO employees (id, name, email, employee_number, department_id, position, hire_date, status) VALUES (76, '곽윤서', 'email76@hrbank.com', 'EMP-2025-02-001', 8, '사원', '2025-02-15', 'ACTIVE');
INSERT INTO employees (id, name, email, employee_number, department_id, position, hire_date, status) VALUES (77, '배다은', 'email77@hrbank.com', 'EMP-2023-06-004', 3, '대리', '2023-06-22', 'ACTIVE');
INSERT INTO employees (id, name, email, employee_number, department_id, position, hire_date, status) VALUES (78, '복지원', 'email78@hrbank.com', 'EMP-2023-07-005', 3, '대리', '2023-07-08', 'ACTIVE');
INSERT INTO employees (id, name, email, employee_number, department_id, position, hire_date, status) VALUES (79, '곽지민', 'email79@hrbank.com', 'EMP-2025-01-002', 3, '과장', '2025-01-24', 'ACTIVE');
INSERT INTO employees (id, name, email, employee_number, department_id, position, hire_date, status) VALUES (80, '허수연', 'email80@hrbank.com', 'EMP-2023-08-003', 5, '사원', '2023-08-06', 'ACTIVE');
INSERT INTO employees (id, name, email, employee_number, department_id, position, hire_date, status) VALUES (81, '우지윤', 'email81@hrbank.com', 'EMP-2025-01-003', 5, '인턴', '2025-01-01', 'ACTIVE');
INSERT INTO employees (id, name, email, employee_number, department_id, position, hire_date, status) VALUES (82, '마하은', 'email82@hrbank.com', 'EMP-2025-02-002', 2, '대리', '2025-02-15', 'ACTIVE');
INSERT INTO employees (id, name, email, employee_number, department_id, position, hire_date, status) VALUES (83, '우소윤', 'email83@hrbank.com', 'EMP-2025-05-002', 4, '차장', '2025-05-28', 'ACTIVE');
INSERT INTO employees (id, name, email, employee_number, department_id, position, hire_date, status) VALUES (84, '우재이', 'email84@hrbank.com', 'EMP-2024-06-002', 8, '대리', '2024-06-21', 'ACTIVE');
INSERT INTO employees (id, name, email, employee_number, department_id, position, hire_date, status) VALUES (85, '홍윤서', 'email85@hrbank.com', 'EMP-2024-03-004', 5, '인턴', '2024-03-20', 'ACTIVE');
INSERT INTO employees (id, name, email, employee_number, department_id, position, hire_date, status) VALUES (86, '심소윤', 'email86@hrbank.com', 'EMP-2023-04-004', 2, '사원', '2023-04-17', 'ACTIVE');
INSERT INTO employees (id, name, email, employee_number, department_id, position, hire_date, status) VALUES (87, '정시아', 'email87@hrbank.com', 'EMP-2025-09-002', 1, '사원', '2025-09-05', 'ACTIVE');
INSERT INTO employees (id, name, email, employee_number, department_id, position, hire_date, status) VALUES (88, '임유진', 'email88@hrbank.com', 'EMP-2024-09-004', 6, '사원', '2024-09-06', 'ACTIVE');
INSERT INTO employees (id, name, email, employee_number, department_id, position, hire_date, status) VALUES (89, '문현서', 'email89@hrbank.com', 'EMP-2025-01-004', 8, '과장', '2025-01-28', 'ACTIVE');
INSERT INTO employees (id, name, email, employee_number, department_id, position, hire_date, status) VALUES (90, '전수연', 'email90@hrbank.com', 'EMP-2024-09-005', 8, '대리', '2024-09-17', 'ACTIVE');
INSERT INTO employees (id, name, email, employee_number, department_id, position, hire_date, status) VALUES (91, '석유나', 'email91@hrbank.com', 'EMP-2023-10-002', 6, '대리', '2023-10-17', 'ACTIVE');
INSERT INTO employees (id, name, email, employee_number, department_id, position, hire_date, status) VALUES (92, '유아윤', 'email92@hrbank.com', 'EMP-2023-04-005', 8, '인턴', '2023-04-21', 'ACTIVE');
INSERT INTO employees (id, name, email, employee_number, department_id, position, hire_date, status) VALUES (93, '나현서', 'email93@hrbank.com', 'EMP-2024-03-005', 8, '과장', '2024-03-17', 'ACTIVE');
INSERT INTO employees (id, name, email, employee_number, department_id, position, hire_date, status) VALUES (94, '양시아', 'email94@hrbank.com', 'EMP-2023-06-005', 1, '과장', '2023-06-17', 'ACTIVE');
INSERT INTO employees (id, name, email, employee_number, department_id, position, hire_date, status) VALUES (95, '고소윤', 'email95@hrbank.com', 'EMP-2025-05-003', 7, '사원', '2025-05-25', 'ACTIVE');
INSERT INTO employees (id, name, email, employee_number, department_id, position, hire_date, status) VALUES (96, '심민서', 'email96@hrbank.com', 'EMP-2023-03-002', 8, '사원', '2023-03-26', 'ACTIVE');
INSERT INTO employees (id, name, email, employee_number, department_id, position, hire_date, status) VALUES (97, '유리아', 'email97@hrbank.com', 'EMP-2025-01-005', 2, '사원', '2025-01-10', 'ACTIVE');
INSERT INTO employees (id, name, email, employee_number, department_id, position, hire_date, status) VALUES (98, '송지원', 'email98@hrbank.com', 'EMP-2025-02-003', 8, '대리', '2025-02-10', 'ACTIVE');
INSERT INTO employees (id, name, email, employee_number, department_id, position, hire_date, status) VALUES (99, '명수아', 'email99@hrbank.com', 'EMP-2025-04-001', 8, '과장', '2025-04-24', 'ACTIVE');
INSERT INTO employees (id, name, email, employee_number, department_id, position, hire_date, status) VALUES (100, '양은서', 'email100@hrbank.com', 'EMP-2025-02-004', 3, '인턴', '2025-02-28', 'ACTIVE');

-- ===================================================
-- change_logs: 신규 직원 등록 (ID 1~100)
-- ===================================================
INSERT INTO change_logs (id, type, employee_number, memo, ip_address, at) VALUES
                                                                              (1, 'CREATED', 'EMP-2025-08-001', '신규 직원 등록', '192.168.1.101', '2025-08-15 09:00:00'),
                                                                              (2, 'CREATED', 'EMP-2023-12-001', '신규 직원 등록', '192.168.1.102', '2023-12-23 09:00:00'),
                                                                              (3, 'CREATED', 'EMP-2025-06-001', '신규 직원 등록', '192.168.1.103', '2025-06-11 09:00:00'),
                                                                              (4, 'CREATED', 'EMP-2023-01-001', '신규 직원 등록', '192.168.1.104', '2023-01-10 09:00:00'),
                                                                              (5, 'CREATED', 'EMP-2024-08-001', '신규 직원 등록', '192.168.1.105', '2024-08-15 09:00:00'),
                                                                              (6, 'CREATED', 'EMP-2024-04-001', '신규 직원 등록', '192.168.1.106', '2024-04-04 09:00:00'),
                                                                              (7, 'CREATED', 'EMP-2024-11-001', '신규 직원 등록', '192.168.1.107', '2024-11-17 09:00:00'),
                                                                              (8, 'CREATED', 'EMP-2023-05-001', '신규 직원 등록', '192.168.1.108', '2023-05-14 09:00:00'),
                                                                              (9, 'CREATED', 'EMP-2023-06-001', '신규 직원 등록', '192.168.1.109', '2023-06-18 09:00:00'),
                                                                              (10, 'CREATED', 'EMP-2024-08-002', '신규 직원 등록', '192.168.1.110', '2024-08-04 09:00:00'),
                                                                              (11, 'CREATED', 'EMP-2025-01-001', '신규 직원 등록', '192.168.1.111', '2025-01-05 09:00:00'),
                                                                              (12, 'CREATED', 'EMP-2024-12-001', '신규 직원 등록', '192.168.1.112', '2024-12-12 09:00:00'),
                                                                              (13, 'CREATED', 'EMP-2023-07-001', '신규 직원 등록', '192.168.1.113', '2023-07-20 09:00:00'),
                                                                              (14, 'CREATED', 'EMP-2024-02-001', '신규 직원 등록', '192.168.1.114', '2024-02-11 09:00:00'),
                                                                              (15, 'CREATED', 'EMP-2025-03-001', '신규 직원 등록', '192.168.1.115', '2025-03-22 09:00:00'),
                                                                              (16, 'CREATED', 'EMP-2025-04-001', '신규 직원 등록', '192.168.1.116', '2025-04-10 09:00:00'),
                                                                              (17, 'CREATED', 'EMP-2024-05-001', '신규 직원 등록', '192.168.1.117', '2024-05-18 09:00:00'),
                                                                              (18, 'CREATED', 'EMP-2023-08-001', '신규 직원 등록', '192.168.1.118', '2023-08-14 09:00:00'),
                                                                              (19, 'CREATED', 'EMP-2024-06-001', '신규 직원 등록', '192.168.1.119', '2024-06-09 09:00:00'),
                                                                              (20, 'CREATED', 'EMP-2025-02-001', '신규 직원 등록', '192.168.1.120', '2025-02-25 09:00:00'),
                                                                              (21, 'CREATED', 'EMP-2023-09-001', '신규 직원 등록', '192.168.1.121', '2023-09-07 09:00:00'),
                                                                              (22, 'CREATED', 'EMP-2024-07-001', '신규 직원 등록', '192.168.1.122', '2024-07-16 09:00:00'),
                                                                              (23, 'CREATED', 'EMP-2025-05-001', '신규 직원 등록', '192.168.1.123', '2025-05-04 09:00:00'),
                                                                              (24, 'CREATED', 'EMP-2023-10-001', '신규 직원 등록', '192.168.1.124', '2023-10-12 09:00:00'),
                                                                              (25, 'CREATED', 'EMP-2024-03-001', '신규 직원 등록', '192.168.1.125', '2024-03-21 09:00:00'),
                                                                              (26, 'CREATED', 'EMP-2025-06-002', '신규 직원 등록', '192.168.1.126', '2025-06-05 09:00:00'),
                                                                              (27, 'CREATED', 'EMP-2023-11-001', '신규 직원 등록', '192.168.1.127', '2023-11-23 09:00:00'),
                                                                              (28, 'CREATED', 'EMP-2024-09-001', '신규 직원 등록', '192.168.1.128', '2024-09-14 09:00:00'),
                                                                              (29, 'CREATED', 'EMP-2025-07-001', '신규 직원 등록', '192.168.1.129', '2025-07-01 09:00:00'),
                                                                              (30, 'CREATED', 'EMP-2023-12-002', '신규 직원 등록', '192.168.1.130', '2023-12-18 09:00:00'),
                                                                              (31, 'CREATED', 'EMP-2024-10-001', '신규 직원 등록', '192.168.1.131', '2024-10-06 09:00:00'),
                                                                              (32, 'CREATED', 'EMP-2025-08-002', '신규 직원 등록', '192.168.1.132', '2025-08-02 09:00:00'),
                                                                              (33, 'CREATED', 'EMP-2023-01-002', '신규 직원 등록', '192.168.1.133', '2023-01-28 09:00:00'),
                                                                              (34, 'CREATED', 'EMP-2024-11-002', '신규 직원 등록', '192.168.1.134', '2024-11-09 09:00:00'),
                                                                              (35, 'CREATED', 'EMP-2025-03-002', '신규 직원 등록', '192.168.1.135', '2025-03-15 09:00:00'),
                                                                              (36, 'CREATED', 'EMP-2023-02-001', '신규 직원 등록', '192.168.1.136', '2023-02-19 09:00:00'),
                                                                              (37, 'CREATED', 'EMP-2024-01-001', '신규 직원 등록', '192.168.1.137', '2024-01-13 09:00:00'),
                                                                              (38, 'CREATED', 'EMP-2025-04-002', '신규 직원 등록', '192.168.1.138', '2025-04-22 09:00:00'),
                                                                              (39, 'CREATED', 'EMP-2023-03-001', '신규 직원 등록', '192.168.1.139', '2023-03-11 09:00:00'),
                                                                              (40, 'CREATED', 'EMP-2024-02-002', '신규 직원 등록', '192.168.1.140', '2024-02-27 09:00:00'),
                                                                              (41, 'CREATED', 'EMP-2025-05-002', '신규 직원 등록', '192.168.1.141', '2025-05-18 09:00:00'),
                                                                              (42, 'CREATED', 'EMP-2023-04-001', '신규 직원 등록', '192.168.1.142', '2023-04-23 09:00:00'),
                                                                              (43, 'CREATED', 'EMP-2024-03-002', '신규 직원 등록', '192.168.1.143', '2024-03-29 09:00:00'),
                                                                              (44, 'CREATED', 'EMP-2025-06-003', '신규 직원 등록', '192.168.1.144', '2025-06-17 09:00:00'),
                                                                              (45, 'CREATED', 'EMP-2023-05-002', '신규 직원 등록', '192.168.1.145', '2023-05-30 09:00:00'),
                                                                              (46, 'CREATED', 'EMP-2024-04-002', '신규 직원 등록', '192.168.1.146', '2024-04-20 09:00:00'),
                                                                              (47, 'CREATED', 'EMP-2025-07-002', '신규 직원 등록', '192.168.1.147', '2025-07-12 09:00:00'),
                                                                              (48, 'CREATED', 'EMP-2023-06-002', '신규 직원 등록', '192.168.1.148', '2023-06-25 09:00:00'),
                                                                              (49, 'CREATED', 'EMP-2024-05-002', '신규 직원 등록', '192.168.1.149', '2024-05-07 09:00:00'),
                                                                              (50, 'CREATED', 'EMP-2025-02-002', '신규 직원 등록', '192.168.1.150', '2025-02-14 09:00:00'),
                                                                              (51, 'CREATED', 'EMP-2023-07-002', '신규 직원 등록', '192.168.1.151', '2023-07-18 09:00:00'),
                                                                              (52, 'CREATED', 'EMP-2024-06-002', '신규 직원 등록', '192.168.1.152', '2024-06-21 09:00:00'),
                                                                              (53, 'CREATED', 'EMP-2025-03-003', '신규 직원 등록', '192.168.1.153', '2025-03-29 09:00:00'),
                                                                              (54, 'CREATED', 'EMP-2023-08-002', '신규 직원 등록', '192.168.1.154', '2023-08-16 09:00:00'),
                                                                              (55, 'CREATED', 'EMP-2024-07-002', '신규 직원 등록', '192.168.1.155', '2024-07-27 09:00:00'),
                                                                              (56, 'CREATED', 'EMP-2025-04-003', '신규 직원 등록', '192.168.1.156', '2025-04-08 09:00:00'),
                                                                              (57, 'CREATED', 'EMP-2023-09-002', '신규 직원 등록', '192.168.1.157', '2023-09-21 09:00:00'),
                                                                              (58, 'CREATED', 'EMP-2024-08-003', '신규 직원 등록', '192.168.1.158', '2024-08-09 09:00:00'),
                                                                              (59, 'CREATED', 'EMP-2025-05-003', '신규 직원 등록', '192.168.1.159', '2025-05-22 09:00:00'),
                                                                              (60, 'CREATED', 'EMP-2023-10-002', '신규 직원 등록', '192.168.1.160', '2023-10-28 09:00:00'),
                                                                              (61, 'CREATED', 'EMP-2024-09-002', '신규 직원 등록', '192.168.1.161', '2024-09-18 09:00:00'),
                                                                              (62, 'CREATED', 'EMP-2025-06-004', '신규 직원 등록', '192.168.1.162', '2025-06-30 09:00:00'),
                                                                              (63, 'CREATED', 'EMP-2023-11-002', '신규 직원 등록', '192.168.1.163', '2023-11-15 09:00:00'),
                                                                              (64, 'CREATED', 'EMP-2024-10-002', '신규 직원 등록', '192.168.1.164', '2024-10-24 09:00:00'),
                                                                              (65, 'CREATED', 'EMP-2025-07-003', '신규 직원 등록', '192.168.1.165', '2025-07-19 09:00:00'),
                                                                              (66, 'CREATED', 'EMP-2023-12-003', '신규 직원 등록', '192.168.1.166', '2023-12-09 09:00:00'),
                                                                              (67, 'CREATED', 'EMP-2024-11-003', '신규 직원 등록', '192.168.1.167', '2024-11-23 09:00:00'),
                                                                              (68, 'CREATED', 'EMP-2025-03-004', '신규 직원 등록', '192.168.1.168', '2025-03-07 09:00:00'),
                                                                              (69, 'CREATED', 'EMP-2023-01-003', '신규 직원 등록', '192.168.1.169', '2023-01-21 09:00:00'),
                                                                              (70, 'CREATED', 'EMP-2024-12-002', '신규 직원 등록', '192.168.1.170', '2024-12-19 09:00:00'),
                                                                              (71, 'CREATED', 'EMP-2025-08-003', '신규 직원 등록', '192.168.1.171', '2025-08-12 09:00:00'),
                                                                              (72, 'CREATED', 'EMP-2023-02-002', '신규 직원 등록', '192.168.1.172', '2023-02-28 09:00:00'),
                                                                              (73, 'CREATED', 'EMP-2024-01-002', '신규 직원 등록', '192.168.1.173', '2024-01-25 09:00:00'),
                                                                              (74, 'CREATED', 'EMP-2025-04-004', '신규 직원 등록', '192.168.1.174', '2025-04-16 09:00:00'),
                                                                              (75, 'CREATED', 'EMP-2023-03-002', '신규 직원 등록', '192.168.1.175', '2023-03-30 09:00:00'),
                                                                              (76, 'CREATED', 'EMP-2024-02-003', '신규 직원 등록', '192.168.1.176', '2024-02-23 09:00:00'),
                                                                              (77, 'CREATED', 'EMP-2025-05-004', '신규 직원 등록', '192.168.1.177', '2025-05-28 09:00:00'),
                                                                              (78, 'CREATED', 'EMP-2023-04-002', '신규 직원 등록', '192.168.1.178', '2023-04-15 09:00:00'),
                                                                              (79, 'CREATED', 'EMP-2024-03-003', '신규 직원 등록', '192.168.1.179', '2024-03-12 09:00:00'),
                                                                              (80, 'CREATED', 'EMP-2025-06-005', '신규 직원 등록', '192.168.1.180', '2025-06-08 09:00:00'),
                                                                              (81, 'CREATED', 'EMP-2023-05-003', '신규 직원 등록', '192.168.1.181', '2023-05-25 09:00:00'),
                                                                              (82, 'CREATED', 'EMP-2024-04-003', '신규 직원 등록', '192.168.1.182', '2024-04-17 09:00:00'),
                                                                              (83, 'CREATED', 'EMP-2025-07-004', '신규 직원 등록', '192.168.1.183', '2025-07-29 09:00:00'),
                                                                              (84, 'CREATED', 'EMP-2023-06-003', '신규 직원 등록', '192.168.1.184', '2023-06-13 09:00:00'),
                                                                              (85, 'CREATED', 'EMP-2024-05-003', '신규 직원 등록', '192.168.1.185', '2024-05-29 09:00:00'),
                                                                              (86, 'CREATED', 'EMP-2025-02-003', '신규 직원 등록', '192.168.1.186', '2025-02-09 09:00:00'),
                                                                              (87, 'CREATED', 'EMP-2023-07-003', '신규 직원 등록', '192.168.1.187', '2023-07-02 09:00:00'),
                                                                              (88, 'CREATED', 'EMP-2024-06-003', '신규 직원 등록', '192.168.1.188', '2024-06-26 09:00:00'),
                                                                              (89, 'CREATED', 'EMP-2025-03-005', '신규 직원 등록', '192.168.1.189', '2025-03-11 09:00:00'),
                                                                              (90, 'CREATED', 'EMP-2023-08-003', '신규 직원 등록', '192.168.1.190', '2023-08-29 09:00:00'),
                                                                              (91, 'CREATED', 'EMP-2024-07-003', '신규 직원 등록', '192.168.1.191', '2024-07-03 09:00:00'),
                                                                              (92, 'CREATED', 'EMP-2025-04-005', '신규 직원 등록', '192.168.1.192', '2025-04-27 09:00:00'),
                                                                              (93, 'CREATED', 'EMP-2023-09-003', '신규 직원 등록', '192.168.1.193', '2023-09-12 09:00:00'),
                                                                              (94, 'CREATED', 'EMP-2024-08-004', '신규 직원 등록', '192.168.1.194', '2024-08-21 09:00:00'),
                                                                              (95, 'CREATED', 'EMP-2025-05-005', '신규 직원 등록', '192.168.1.195', '2025-05-10 09:00:00'),
                                                                              (96, 'CREATED', 'EMP-2023-10-003', '신규 직원 등록', '192.168.1.196', '2023-10-30 09:00:00'),
                                                                              (97, 'CREATED', 'EMP-2024-09-003', '신규 직원 등록', '192.168.1.197', '2024-09-05 09:00:00'),
                                                                              (98, 'CREATED', 'EMP-2025-06-006', '신규 직원 등록', '192.168.1.198', '2025-06-23 09:00:00'),
                                                                              (99, 'CREATED', 'EMP-2023-11-003', '신규 직원 등록', '192.168.1.199', '2023-11-08 09:00:00'),
                                                                              (100, 'CREATED', 'EMP-2025-02-004', '신규 직원 등록', '192.168.1.200', '2025-02-28 09:00:00');

-- ===================================================
-- change_log_diffs: 신규 직원 상태 등록 (ID 1~100)
-- ===================================================
INSERT INTO change_log_diffs (id, log_id, property_name, before, after) VALUES
                                                                            (1, 1, 'status', NULL, 'ACTIVE'),
                                                                            (2, 2, 'status', NULL, 'ACTIVE'),
                                                                            (3, 3, 'status', NULL, 'ACTIVE'),
                                                                            (4, 4, 'status', NULL, 'ACTIVE'),
                                                                            (5, 5, 'status', NULL, 'ACTIVE'),
                                                                            (6, 6, 'status', NULL, 'ACTIVE'),
                                                                            (7, 7, 'status', NULL, 'ACTIVE'),
                                                                            (8, 8, 'status', NULL, 'ACTIVE'),
                                                                            (9, 9, 'status', NULL, 'ACTIVE'),
                                                                            (10, 10, 'status', NULL, 'ACTIVE'),
                                                                            (11, 11, 'status', NULL, 'ACTIVE'),
                                                                            (12, 12, 'status', NULL, 'ACTIVE'),
                                                                            (13, 13, 'status', NULL, 'ACTIVE'),
                                                                            (14, 14, 'status', NULL, 'ACTIVE'),
                                                                            (15, 15, 'status', NULL, 'ACTIVE'),
                                                                            (16, 16, 'status', NULL, 'ACTIVE'),
                                                                            (17, 17, 'status', NULL, 'ACTIVE'),
                                                                            (18, 18, 'status', NULL, 'ACTIVE'),
                                                                            (19, 19, 'status', NULL, 'ACTIVE'),
                                                                            (20, 20, 'status', NULL, 'ACTIVE'),
                                                                            (21, 21, 'status', NULL, 'ACTIVE'),
                                                                            (22, 22, 'status', NULL, 'ACTIVE'),
                                                                            (23, 23, 'status', NULL, 'ACTIVE'),
                                                                            (24, 24, 'status', NULL, 'ACTIVE'),
                                                                            (25, 25, 'status', NULL, 'ACTIVE'),
                                                                            (26, 26, 'status', NULL, 'ACTIVE'),
                                                                            (27, 27, 'status', NULL, 'ACTIVE'),
                                                                            (28, 28, 'status', NULL, 'ACTIVE'),
                                                                            (29, 29, 'status', NULL, 'ACTIVE'),
                                                                            (30, 30, 'status', NULL, 'ACTIVE'),
                                                                            (31, 31, 'status', NULL, 'ACTIVE'),
                                                                            (32, 32, 'status', NULL, 'ACTIVE'),
                                                                            (33, 33, 'status', NULL, 'ACTIVE'),
                                                                            (34, 34, 'status', NULL, 'ACTIVE'),
                                                                            (35, 35, 'status', NULL, 'ACTIVE'),
                                                                            (36, 36, 'status', NULL, 'ACTIVE'),
                                                                            (37, 37, 'status', NULL, 'ACTIVE'),
                                                                            (38, 38, 'status', NULL, 'ACTIVE'),
                                                                            (39, 39, 'status', NULL, 'ACTIVE'),
                                                                            (40, 40, 'status', NULL, 'ACTIVE'),
                                                                            (41, 41, 'status', NULL, 'ACTIVE'),
                                                                            (42, 42, 'status', NULL, 'ACTIVE'),
                                                                            (43, 43, 'status', NULL, 'ACTIVE'),
                                                                            (44, 44, 'status', NULL, 'ACTIVE'),
                                                                            (45, 45, 'status', NULL, 'ACTIVE'),
                                                                            (46, 46, 'status', NULL, 'ACTIVE'),
                                                                            (47, 47, 'status', NULL, 'ACTIVE'),
                                                                            (48, 48, 'status', NULL, 'ACTIVE'),
                                                                            (49, 49, 'status', NULL, 'ACTIVE'),
                                                                            (50, 50, 'status', NULL, 'ACTIVE'),
                                                                            (51, 51, 'status', NULL, 'ACTIVE'),
                                                                            (52, 52, 'status', NULL, 'ACTIVE'),
                                                                            (53, 53, 'status', NULL, 'ACTIVE'),
                                                                            (54, 54, 'status', NULL, 'ACTIVE'),
                                                                            (55, 55, 'status', NULL, 'ACTIVE'),
                                                                            (56, 56, 'status', NULL, 'ACTIVE'),
                                                                            (57, 57, 'status', NULL, 'ACTIVE'),
                                                                            (58, 58, 'status', NULL, 'ACTIVE'),
                                                                            (59, 59, 'status', NULL, 'ACTIVE'),
                                                                            (60, 60, 'status', NULL, 'ACTIVE'),
                                                                            (61, 61, 'status', NULL, 'ACTIVE'),
                                                                            (62, 62, 'status', NULL, 'ACTIVE'),
                                                                            (63, 63, 'status', NULL, 'ACTIVE'),
                                                                            (64, 64, 'status', NULL, 'ACTIVE'),
                                                                            (65, 65, 'status', NULL, 'ACTIVE'),
                                                                            (66, 66, 'status', NULL, 'ACTIVE'),
                                                                            (67, 67, 'status', NULL, 'ACTIVE'),
                                                                            (68, 68, 'status', NULL, 'ACTIVE'),
                                                                            (69, 69, 'status', NULL, 'ACTIVE'),
                                                                            (70, 70, 'status', NULL, 'ACTIVE'),
                                                                            (71, 71, 'status', NULL, 'ACTIVE'),
                                                                            (72, 72, 'status', NULL, 'ACTIVE'),
                                                                            (73, 73, 'status', NULL, 'ACTIVE'),
                                                                            (74, 74, 'status', NULL, 'ACTIVE'),
                                                                            (75, 75, 'status', NULL, 'ACTIVE'),
                                                                            (76, 76, 'status', NULL, 'ACTIVE'),
                                                                            (77, 77, 'status', NULL, 'ACTIVE'),
                                                                            (78, 78, 'status', NULL, 'ACTIVE'),
                                                                            (79, 79, 'status', NULL, 'ACTIVE'),
                                                                            (80, 80, 'status', NULL, 'ACTIVE'),
                                                                            (81, 81, 'status', NULL, 'ACTIVE'),
                                                                            (82, 82, 'status', NULL, 'ACTIVE'),
                                                                            (83, 83, 'status', NULL, 'ACTIVE'),
                                                                            (84, 84, 'status', NULL, 'ACTIVE'),
                                                                            (85, 85, 'status', NULL, 'ACTIVE'),
                                                                            (86, 86, 'status', NULL, 'ACTIVE'),
                                                                            (87, 87, 'status', NULL, 'ACTIVE'),
                                                                            (88, 88, 'status', NULL, 'ACTIVE'),
                                                                            (89, 89, 'status', NULL, 'ACTIVE'),
                                                                            (90, 90, 'status', NULL, 'ACTIVE'),
                                                                            (91, 91, 'status', NULL, 'ACTIVE'),
                                                                            (92, 92, 'status', NULL, 'ACTIVE'),
                                                                            (93, 93, 'status', NULL, 'ACTIVE'),
                                                                            (94, 94, 'status', NULL, 'ACTIVE'),
                                                                            (95, 95, 'status', NULL, 'ACTIVE'),
                                                                            (96, 96, 'status', NULL, 'ACTIVE'),
                                                                            (97, 97, 'status', NULL, 'ACTIVE'),
                                                                            (98, 98, 'status', NULL, 'ACTIVE'),
                                                                            (99, 99, 'status', NULL, 'ACTIVE'),
                                                                            (100, 100, 'status', NULL, 'ACTIVE');

-- ===================================================
-- change_logs: 직급 변경 로그 (ID 101~115)
-- ===================================================
INSERT INTO change_logs (id, type, employee_number, memo, ip_address, at) VALUES
                                                                              (101, 'UPDATED', 'EMP-2023-12-001', '사원 -> 대리로 직급 변경', '192.168.2.101', '2025-08-15 09:00:00'),
                                                                              (102, 'UPDATED', 'EMP-2025-06-001', '사원 -> 대리로 직급 변경', '192.168.2.102', '2025-08-18 09:00:00'),
                                                                              (103, 'UPDATED', 'EMP-2023-01-001', '사원 -> 대리로 직급 변경', '192.168.2.103', '2025-08-19 09:00:00'),
                                                                              (104, 'UPDATED', 'EMP-2024-08-001', '사원 -> 대리로 직급 변경', '192.168.2.104', '2025-08-20 09:00:00'),
                                                                              (105, 'UPDATED', 'EMP-2024-04-001', '사원 -> 대리로 직급 변경', '192.168.2.105', '2025-08-21 09:00:00'),
                                                                              (106, 'UPDATED', 'EMP-2024-11-001', '사원 -> 대리로 직급 변경', '192.168.2.106', '2025-08-22 09:00:00'),
                                                                              (107, 'UPDATED', 'EMP-2023-05-001', '사원 -> 대리로 직급 변경', '192.168.2.107', '2025-08-23 09:00:00'),
                                                                              (108, 'UPDATED', 'EMP-2023-06-001', '사원 -> 대리로 직급 변경', '192.168.2.108', '2025-08-24 09:00:00'),
                                                                              (109, 'UPDATED', 'EMP-2024-08-002', '사원 -> 대리로 직급 변경', '192.168.2.109', '2025-08-25 09:00:00'),
                                                                              (110, 'UPDATED', 'EMP-2025-01-001', '사원 -> 대리로 직급 변경', '192.168.2.110', '2025-08-26 09:00:00'),
                                                                              (111, 'UPDATED', 'EMP-2024-12-001', '사원 -> 대리로 직급 변경', '192.168.2.111', '2025-08-27 09:00:00'),
                                                                              (112, 'UPDATED', 'EMP-2023-07-001', '사원 -> 대리로 직급 변경', '192.168.2.112', '2025-08-28 09:00:00'),
                                                                              (113, 'UPDATED', 'EMP-2024-02-001', '사원 -> 대리로 직급 변경', '192.168.2.113', '2025-08-29 09:00:00'),
                                                                              (114, 'UPDATED', 'EMP-2025-03-001', '사원 -> 대리로 직급 변경', '192.168.2.114', '2025-08-30 09:00:00'),
                                                                              (115, 'UPDATED', 'EMP-2025-06-001', '사원 -> 대리로 직급 변경', '192.168.2.115', '2025-08-31 09:00:00');

-- ===================================================
-- change_log_diffs: 직급 변경 내용 (ID 101~115)
-- ===================================================
INSERT INTO change_log_diffs (id, log_id, property_name, before, after) VALUES
                                                                            (101, 101, 'position', '사원', '대리'),
                                                                            (102, 102, 'position', '사원', '대리'),
                                                                            (103, 103, 'position', '사원', '대리'),
                                                                            (104, 104, 'position', '사원', '대리'),
                                                                            (105, 105, 'position', '사원', '대리'),
                                                                            (106, 106, 'position', '사원', '대리'),
                                                                            (107, 107, 'position', '사원', '대리'),
                                                                            (108, 108, 'position', '사원', '대리'),
                                                                            (109, 109, 'position', '사원', '대리'),
                                                                            (110, 110, 'position', '사원', '대리'),
                                                                            (111, 111, 'position', '사원', '대리'),
                                                                            (112, 112, 'position', '사원', '대리'),
                                                                            (113, 113, 'position', '사원', '대리'),
                                                                            (114, 114, 'position', '사원', '대리'),
                                                                            (115, 115, 'position', '사원', '대리');


SELECT SETVAL(PG_GET_SERIAL_SEQUENCE('departments', 'id'), (SELECT MAX(id) FROM departments));
SELECT SETVAL(PG_GET_SERIAL_SEQUENCE('employees', 'id'), (SELECT MAX(id) FROM employees));
SELECT SETVAL(PG_GET_SERIAL_SEQUENCE('change_logs', 'id'), (SELECT MAX(id) FROM change_logs));
SELECT SETVAL(PG_GET_SERIAL_SEQUENCE('change_log_diffs', 'id'), (SELECT MAX(id) FROM change_log_diffs));