INSERT INTO departments (id, name, description, established_date) VALUES (1, 'Dept1', 'Description of Dept1', '2025-06-06');
-- INSERT INTO departments (id, name, description, established_date) VALUES (2, 'Dept2', 'Description of Dept2', '2023-04-20 22:58:39');
-- INSERT INTO departments (id, name, description, established_date) VALUES (3, 'Dept3', 'Description of Dept3', '2025-05-10 02:45:57');
-- INSERT INTO departments (id, name, description, established_date) VALUES (4, 'Dept4', 'Description of Dept4', '2024-06-10 22:13:59');
-- INSERT INTO departments (id, name, description, established_date) VALUES (5, 'Dept5', 'Description of Dept5', '2025-03-27 22:24:12');
-- INSERT INTO departments (id, name, description, established_date) VALUES (6, 'Dept6', 'Description of Dept6', '2024-09-23 14:17:51');
-- INSERT INTO departments (id, name, description, established_date) VALUES (7, 'Dept7', 'Description of Dept7', '2023-03-23 18:43:59');
-- INSERT INTO departments (id, name, description, established_date) VALUES (8, 'Dept8', 'Description of Dept8', '2023-10-02 15:19:17');
-- INSERT INTO departments (id, name, description, established_date) VALUES (9, 'Dept9', 'Description of Dept9', '2023-08-20 01:24:06');
-- INSERT INTO departments (id, name, description, established_date) VALUES (10, 'Dept10', 'Description of Dept10', '2023-07-17 20:46:13');
-- INSERT INTO departments (id, name, description, established_date) VALUES (11, 'Dept11', 'Description of Dept11', '2023-06-08 01:05:38');
-- INSERT INTO departments (id, name, description, established_date) VALUES (12, 'Dept12', 'Description of Dept12', '2024-07-27 01:05:50');
-- INSERT INTO departments (id, name, description, established_date) VALUES (13, 'Dept13', 'Description of Dept13', '2024-09-20 15:30:26');
-- INSERT INTO departments (id, name, description, established_date) VALUES (14, 'Dept14', 'Description of Dept14', '2023-01-12 06:10:22');
-- INSERT INTO departments (id, name, description, established_date) VALUES (15, 'Dept15', 'Description of Dept15', '2025-03-15 10:44:58');
-- INSERT INTO departments (id, name, description, established_date) VALUES (16, 'Dept16', 'Description of Dept16', '2024-11-06 20:59:24');
-- INSERT INTO departments (id, name, description, established_date) VALUES (17, 'Dept17', 'Description of Dept17', '2025-06-16 21:55:34');
-- INSERT INTO departments (id, name, description, established_date) VALUES (18, 'Dept18', 'Description of Dept18', '2023-02-16 23:14:12');
-- INSERT INTO departments (id, name, description, established_date) VALUES (19, 'Dept19', 'Description of Dept19', '2025-02-17 04:18:08');
-- INSERT INTO departments (id, name, description, established_date) VALUES (20, 'Dept20', 'Description of Dept20', '2024-06-22 18:08:05');
-- INSERT INTO departments (id, name, description, established_date) VALUES (21, 'Dept21', 'Description of Dept21', '2025-11-16 07:18:49');
-- INSERT INTO departments (id, name, description, established_date) VALUES (22, 'Dept22', 'Description of Dept22', '2025-11-01 09:00:12');
-- INSERT INTO departments (id, name, description, established_date) VALUES (23, 'Dept23', 'Description of Dept23', '2023-02-10 15:22:43');
-- INSERT INTO departments (id, name, description, established_date) VALUES (24, 'Dept24', 'Description of Dept24', '2025-02-14 20:48:32');
-- INSERT INTO departments (id, name, description, established_date) VALUES (25, 'Dept25', 'Description of Dept25', '2025-06-17 20:12:23');
-- INSERT INTO departments (id, name, description, established_date) VALUES (26, 'Dept26', 'Description of Dept26', '2025-08-28 16:28:20');
-- INSERT INTO departments (id, name, description, established_date) VALUES (27, 'Dept27', 'Description of Dept27', '2023-01-13 03:42:54');
-- INSERT INTO departments (id, name, description, established_date) VALUES (28, 'Dept28', 'Description of Dept28', '2025-04-23 10:12:37');
-- INSERT INTO departments (id, name, description, established_date) VALUES (29, 'Dept29', 'Description of Dept29', '2024-07-26 22:46:22');
-- INSERT INTO departments (id, name, description, established_date) VALUES (30, 'Dept30', 'Description of Dept30', '2024-09-25 13:27:36');
-- INSERT INTO departments (id, name, description, established_date) VALUES (31, 'Dept31', 'Description of Dept31', '2025-04-19 10:09:07');
-- INSERT INTO departments (id, name, description, established_date) VALUES (32, 'Dept32', 'Description of Dept32', '2023-02-17 04:03:57');
-- INSERT INTO departments (id, name, description, established_date) VALUES (33, 'Dept33', 'Description of Dept33', '2025-06-25 01:23:35');
-- INSERT INTO departments (id, name, description, established_date) VALUES (34, 'Dept34', 'Description of Dept34', '2024-06-09 18:42:29');
-- INSERT INTO departments (id, name, description, established_date) VALUES (35, 'Dept35', 'Description of Dept35', '2025-06-22 08:09:53');
-- INSERT INTO departments (id, name, description, established_date) VALUES (36, 'Dept36', 'Description of Dept36', '2024-11-05 02:29:38');
-- INSERT INTO departments (id, name, description, established_date) VALUES (37, 'Dept37', 'Description of Dept37', '2025-06-21 22:02:54');
-- INSERT INTO departments (id, name, description, established_date) VALUES (38, 'Dept38', 'Description of Dept38', '2024-07-29 07:14:35');
-- INSERT INTO departments (id, name, description, established_date) VALUES (39, 'Dept39', 'Description of Dept39', '2025-10-14 19:36:51');
-- INSERT INTO departments (id, name, description, established_date) VALUES (40, 'Dept40', 'Description of Dept40', '2025-05-15 18:48:53');
-- INSERT INTO departments (id, name, description, established_date) VALUES (41, 'Dept41', 'Description of Dept41', '2025-03-12 16:00:22');
-- INSERT INTO departments (id, name, description, established_date) VALUES (42, 'Dept42', 'Description of Dept42', '2025-03-04 11:47:40');
-- INSERT INTO departments (id, name, description, established_date) VALUES (43, 'Dept43', 'Description of Dept43', '2024-05-03 03:50:18');
-- INSERT INTO departments (id, name, description, established_date) VALUES (44, 'Dept44', 'Description of Dept44', '2024-11-15 08:26:40');
-- INSERT INTO departments (id, name, description, established_date) VALUES (45, 'Dept45', 'Description of Dept45', '2023-04-21 14:23:15');
-- INSERT INTO departments (id, name, description, established_date) VALUES (46, 'Dept46', 'Description of Dept46', '2025-07-23 01:15:12');
-- INSERT INTO departments (id, name, description, established_date) VALUES (47, 'Dept47', 'Description of Dept47', '2025-07-24 19:26:35');
-- INSERT INTO departments (id, name, description, established_date) VALUES (48, 'Dept48', 'Description of Dept48', '2023-08-09 03:09:47');
-- INSERT INTO departments (id, name, description, established_date) VALUES (49, 'Dept49', 'Description of Dept49', '2023-09-26 03:38:21');
-- INSERT INTO departments (id, name, description, established_date) VALUES (50, 'Dept50', 'Description of Dept50', '2024-07-13 01:24:03');
-- INSERT INTO departments (id, name, description, established_date) VALUES (51, 'Dept51', 'Description of Dept51', '2025-09-03 12:59:12');
-- INSERT INTO departments (id, name, description, established_date) VALUES (52, 'Dept52', 'Description of Dept52', '2025-03-19 00:12:37');
-- INSERT INTO departments (id, name, description, established_date) VALUES (53, 'Dept53', 'Description of Dept53', '2023-11-26 07:20:05');
-- INSERT INTO departments (id, name, description, established_date) VALUES (54, 'Dept54', 'Description of Dept54', '2025-04-13 19:12:00');
-- INSERT INTO departments (id, name, description, established_date) VALUES (55, 'Dept55', 'Description of Dept55', '2024-08-13 12:30:28');
-- INSERT INTO departments (id, name, description, established_date) VALUES (56, 'Dept56', 'Description of Dept56', '2024-03-10 14:36:16');
-- INSERT INTO departments (id, name, description, established_date) VALUES (57, 'Dept57', 'Description of Dept57', '2023-06-17 19:45:41');
-- INSERT INTO departments (id, name, description, established_date) VALUES (58, 'Dept58', 'Description of Dept58', '2024-01-06 23:55:25');
-- INSERT INTO departments (id, name, description, established_date) VALUES (59, 'Dept59', 'Description of Dept59', '2025-10-03 11:55:28');
-- INSERT INTO departments (id, name, description, established_date) VALUES (60, 'Dept60', 'Description of Dept60', '2023-01-13 10:21:26');
-- INSERT INTO departments (id, name, description, established_date) VALUES (61, 'Dept61', 'Description of Dept61', '2024-05-21 01:37:09');
-- INSERT INTO departments (id, name, description, established_date) VALUES (62, 'Dept62', 'Description of Dept62', '2023-12-25 17:03:18');
-- INSERT INTO departments (id, name, description, established_date) VALUES (63, 'Dept63', 'Description of Dept63', '2025-10-13 08:01:34');
-- INSERT INTO departments (id, name, description, established_date) VALUES (64, 'Dept64', 'Description of Dept64', '2024-01-19 01:01:57');
-- INSERT INTO departments (id, name, description, established_date) VALUES (65, 'Dept65', 'Description of Dept65', '2024-02-28 22:23:08');
-- INSERT INTO departments (id, name, description, established_date) VALUES (66, 'Dept66', 'Description of Dept66', '2023-11-11 09:57:15');
-- INSERT INTO departments (id, name, description, established_date) VALUES (67, 'Dept67', 'Description of Dept67', '2024-01-31 02:38:19');
-- INSERT INTO departments (id, name, description, established_date) VALUES (68, 'Dept68', 'Description of Dept68', '2024-08-09 13:12:48');
-- INSERT INTO departments (id, name, description, established_date) VALUES (69, 'Dept69', 'Description of Dept69', '2023-07-29 10:44:09');
-- INSERT INTO departments (id, name, description, established_date) VALUES (70, 'Dept70', 'Description of Dept70', '2024-08-25 20:24:37');
-- INSERT INTO departments (id, name, description, established_date) VALUES (71, 'Dept71', 'Description of Dept71', '2023-02-02 03:29:07');
-- INSERT INTO departments (id, name, description, established_date) VALUES (72, 'Dept72', 'Description of Dept72', '2024-05-12 13:48:52');
-- INSERT INTO departments (id, name, description, established_date) VALUES (73, 'Dept73', 'Description of Dept73', '2025-03-24 07:00:11');
-- INSERT INTO departments (id, name, description, established_date) VALUES (74, 'Dept74', 'Description of Dept74', '2023-11-26 15:20:42');
-- INSERT INTO departments (id, name, description, established_date) VALUES (75, 'Dept75', 'Description of Dept75', '2024-05-10 17:16:12');
-- INSERT INTO departments (id, name, description, established_date) VALUES (76, 'Dept76', 'Description of Dept76', '2024-04-16 18:50:52');
-- INSERT INTO departments (id, name, description, established_date) VALUES (77, 'Dept77', 'Description of Dept77', '2023-05-27 14:53:33');
-- INSERT INTO departments (id, name, description, established_date) VALUES (78, 'Dept78', 'Description of Dept78', '2024-05-15 10:21:44');
-- INSERT INTO departments (id, name, description, established_date) VALUES (79, 'Dept79', 'Description of Dept79', '2025-07-17 00:38:19');
-- INSERT INTO departments (id, name, description, established_date) VALUES (80, 'Dept80', 'Description of Dept80', '2025-08-05 06:49:54');
-- INSERT INTO departments (id, name, description, established_date) VALUES (81, 'Dept81', 'Description of Dept81', '2023-04-24 18:14:33');
-- INSERT INTO departments (id, name, description, established_date) VALUES (82, 'Dept82', 'Description of Dept82', '2023-11-04 15:43:12');
-- INSERT INTO departments (id, name, description, established_date) VALUES (83, 'Dept83', 'Description of Dept83', '2025-02-22 04:38:08');
-- INSERT INTO departments (id, name, description, established_date) VALUES (84, 'Dept84', 'Description of Dept84', '2024-04-12 23:33:44');
-- INSERT INTO departments (id, name, description, established_date) VALUES (85, 'Dept85', 'Description of Dept85', '2023-10-07 06:33:15');
-- INSERT INTO departments (id, name, description, established_date) VALUES (86, 'Dept86', 'Description of Dept86', '2025-02-25 22:04:53');
-- INSERT INTO departments (id, name, description, established_date) VALUES (87, 'Dept87', 'Description of Dept87', '2025-03-12 13:56:55');
-- INSERT INTO departments (id, name, description, established_date) VALUES (88, 'Dept88', 'Description of Dept88', '2025-08-24 16:56:58');
-- INSERT INTO departments (id, name, description, established_date) VALUES (89, 'Dept89', 'Description of Dept89', '2023-03-18 02:19:06');
-- INSERT INTO departments (id, name, description, established_date) VALUES (90, 'Dept90', 'Description of Dept90', '2025-08-04 13:44:25');
-- INSERT INTO departments (id, name, description, established_date) VALUES (91, 'Dept91', 'Description of Dept91', '2025-12-22 19:34:44');
-- INSERT INTO departments (id, name, description, established_date) VALUES (92, 'Dept92', 'Description of Dept92', '2024-09-28 10:33:56');
-- INSERT INTO departments (id, name, description, established_date) VALUES (93, 'Dept93', 'Description of Dept93', '2024-07-11 15:00:37');
-- INSERT INTO departments (id, name, description, established_date) VALUES (94, 'Dept94', 'Description of Dept94', '2024-01-10 23:44:25');
-- INSERT INTO departments (id, name, description, established_date) VALUES (95, 'Dept95', 'Description of Dept95', '2025-10-18 00:52:46');
-- INSERT INTO departments (id, name, description, established_date) VALUES (96, 'Dept96', 'Description of Dept96', '2023-05-26 22:27:35');
-- INSERT INTO departments (id, name, description, established_date) VALUES (97, 'Dept97', 'Description of Dept97', '2024-09-21 12:10:49');
-- INSERT INTO departments (id, name, description, established_date) VALUES (98, 'Dept98', 'Description of Dept98', '2023-09-02 11:57:12');
-- INSERT INTO departments (id, name, description, established_date) VALUES (99, 'Dept99', 'Description of Dept99', '2025-10-11 04:35:37');
-- INSERT INTO departments (id, name, description, established_date) VALUES (100, 'Dept100', 'Description of Dept100', '2024-07-05 09:21:51');

-- INSERT INTO files (id, file_name, content_type, size) VALUES (1, 'file_1', 'application/octet-stream', 427572);
-- INSERT INTO files (id, file_name, content_type, size) VALUES (2, 'file_2', 'application/octet-stream', 794229);
-- INSERT INTO files (id, file_name, content_type, size) VALUES (3, 'file_3', 'application/octet-stream', 809343);
-- INSERT INTO files (id, file_name, content_type, size) VALUES (4, 'file_4', 'application/octet-stream', 912663);
-- INSERT INTO files (id, file_name, content_type, size) VALUES (5, 'file_5', 'application/octet-stream', 905842);
-- INSERT INTO files (id, file_name, content_type, size) VALUES (6, 'file_6', 'application/octet-stream', 101019);
-- INSERT INTO files (id, file_name, content_type, size) VALUES (7, 'file_7', 'application/octet-stream', 176388);
-- INSERT INTO files (id, file_name, content_type, size) VALUES (8, 'file_8', 'application/octet-stream', 210929);
-- INSERT INTO files (id, file_name, content_type, size) VALUES (9, 'file_9', 'application/octet-stream', 324178);
-- INSERT INTO files (id, file_name, content_type, size) VALUES (10, 'file_10', 'application/octet-stream', 274276);
-- INSERT INTO files (id, file_name, content_type, size) VALUES (11, 'file_11', 'application/octet-stream', 85628);
-- INSERT INTO files (id, file_name, content_type, size) VALUES (12, 'file_12', 'application/octet-stream', 294511);
-- INSERT INTO files (id, file_name, content_type, size) VALUES (13, 'file_13', 'application/octet-stream', 859259);
-- INSERT INTO files (id, file_name, content_type, size) VALUES (14, 'file_14', 'application/octet-stream', 646806);
-- INSERT INTO files (id, file_name, content_type, size) VALUES (15, 'file_15', 'application/octet-stream', 449513);
-- INSERT INTO files (id, file_name, content_type, size) VALUES (16, 'file_16', 'application/octet-stream', 710129);
-- INSERT INTO files (id, file_name, content_type, size) VALUES (17, 'file_17', 'application/octet-stream', 169998);
-- INSERT INTO files (id, file_name, content_type, size) VALUES (18, 'file_18', 'application/octet-stream', 460863);
-- INSERT INTO files (id, file_name, content_type, size) VALUES (19, 'file_19', 'application/octet-stream', 819300);
-- INSERT INTO files (id, file_name, content_type, size) VALUES (20, 'file_20', 'application/octet-stream', 136367);
-- INSERT INTO files (id, file_name, content_type, size) VALUES (21, 'file_21', 'application/octet-stream', 922299);
-- INSERT INTO files (id, file_name, content_type, size) VALUES (22, 'file_22', 'application/octet-stream', 189701);
-- INSERT INTO files (id, file_name, content_type, size) VALUES (23, 'file_23', 'application/octet-stream', 145598);
-- INSERT INTO files (id, file_name, content_type, size) VALUES (24, 'file_24', 'application/octet-stream', 126882);
-- INSERT INTO files (id, file_name, content_type, size) VALUES (25, 'file_25', 'application/octet-stream', 248844);
-- INSERT INTO files (id, file_name, content_type, size) VALUES (26, 'file_26', 'application/octet-stream', 579568);
-- INSERT INTO files (id, file_name, content_type, size) VALUES (27, 'file_27', 'application/octet-stream', 871140);
-- INSERT INTO files (id, file_name, content_type, size) VALUES (28, 'file_28', 'application/octet-stream', 787535);
-- INSERT INTO files (id, file_name, content_type, size) VALUES (29, 'file_29', 'application/octet-stream', 412041);
-- INSERT INTO files (id, file_name, content_type, size) VALUES (30, 'file_30', 'application/octet-stream', 126134);
-- INSERT INTO files (id, file_name, content_type, size) VALUES (31, 'file_31', 'application/octet-stream', 530603);
-- INSERT INTO files (id, file_name, content_type, size) VALUES (32, 'file_32', 'application/octet-stream', 794099);
-- INSERT INTO files (id, file_name, content_type, size) VALUES (33, 'file_33', 'application/octet-stream', 47398);
-- INSERT INTO files (id, file_name, content_type, size) VALUES (34, 'file_34', 'application/octet-stream', 869135);
-- INSERT INTO files (id, file_name, content_type, size) VALUES (35, 'file_35', 'application/octet-stream', 154445);
-- INSERT INTO files (id, file_name, content_type, size) VALUES (36, 'file_36', 'application/octet-stream', 280842);
-- INSERT INTO files (id, file_name, content_type, size) VALUES (37, 'file_37', 'application/octet-stream', 365110);
-- INSERT INTO files (id, file_name, content_type, size) VALUES (38, 'file_38', 'application/octet-stream', 88639);
-- INSERT INTO files (id, file_name, content_type, size) VALUES (39, 'file_39', 'application/octet-stream', 393892);
-- INSERT INTO files (id, file_name, content_type, size) VALUES (40, 'file_40', 'application/octet-stream', 789483);
-- INSERT INTO files (id, file_name, content_type, size) VALUES (41, 'file_41', 'application/octet-stream', 483591);
-- INSERT INTO files (id, file_name, content_type, size) VALUES (42, 'file_42', 'application/octet-stream', 429052);
-- INSERT INTO files (id, file_name, content_type, size) VALUES (43, 'file_43', 'application/octet-stream', 454124);
-- INSERT INTO files (id, file_name, content_type, size) VALUES (44, 'file_44', 'application/octet-stream', 966569);
-- INSERT INTO files (id, file_name, content_type, size) VALUES (45, 'file_45', 'application/octet-stream', 654622);
-- INSERT INTO files (id, file_name, content_type, size) VALUES (46, 'file_46', 'application/octet-stream', 816669);
-- INSERT INTO files (id, file_name, content_type, size) VALUES (47, 'file_47', 'application/octet-stream', 389840);
-- INSERT INTO files (id, file_name, content_type, size) VALUES (48, 'file_48', 'application/octet-stream', 44328);
-- INSERT INTO files (id, file_name, content_type, size) VALUES (49, 'file_49', 'application/octet-stream', 2417);
-- INSERT INTO files (id, file_name, content_type, size) VALUES (50, 'file_50', 'application/octet-stream', 916514);
-- INSERT INTO files (id, file_name, content_type, size) VALUES (51, 'file_51', 'application/octet-stream', 472036);
-- INSERT INTO files (id, file_name, content_type, size) VALUES (52, 'file_52', 'application/octet-stream', 642735);
-- INSERT INTO files (id, file_name, content_type, size) VALUES (53, 'file_53', 'application/octet-stream', 5802);
-- INSERT INTO files (id, file_name, content_type, size) VALUES (54, 'file_54', 'application/octet-stream', 700020);
-- INSERT INTO files (id, file_name, content_type, size) VALUES (55, 'file_55', 'application/octet-stream', 460363);
-- INSERT INTO files (id, file_name, content_type, size) VALUES (56, 'file_56', 'application/octet-stream', 656408);
-- INSERT INTO files (id, file_name, content_type, size) VALUES (57, 'file_57', 'application/octet-stream', 947265);
-- INSERT INTO files (id, file_name, content_type, size) VALUES (58, 'file_58', 'application/octet-stream', 988328);
-- INSERT INTO files (id, file_name, content_type, size) VALUES (59, 'file_59', 'application/octet-stream', 976167);
-- INSERT INTO files (id, file_name, content_type, size) VALUES (60, 'file_60', 'application/octet-stream', 172719);
-- INSERT INTO files (id, file_name, content_type, size) VALUES (61, 'file_61', 'application/octet-stream', 237240);
-- INSERT INTO files (id, file_name, content_type, size) VALUES (62, 'file_62', 'application/octet-stream', 540712);
-- INSERT INTO files (id, file_name, content_type, size) VALUES (63, 'file_63', 'application/octet-stream', 190477);
-- INSERT INTO files (id, file_name, content_type, size) VALUES (64, 'file_64', 'application/octet-stream', 462916);
-- INSERT INTO files (id, file_name, content_type, size) VALUES (65, 'file_65', 'application/octet-stream', 434410);
-- INSERT INTO files (id, file_name, content_type, size) VALUES (66, 'file_66', 'application/octet-stream', 357903);
-- INSERT INTO files (id, file_name, content_type, size) VALUES (67, 'file_67', 'application/octet-stream', 990160);
-- INSERT INTO files (id, file_name, content_type, size) VALUES (68, 'file_68', 'application/octet-stream', 139468);
-- INSERT INTO files (id, file_name, content_type, size) VALUES (69, 'file_69', 'application/octet-stream', 605341);
-- INSERT INTO files (id, file_name, content_type, size) VALUES (70, 'file_70', 'application/octet-stream', 368453);
-- INSERT INTO files (id, file_name, content_type, size) VALUES (71, 'file_71', 'application/octet-stream', 788108);
-- INSERT INTO files (id, file_name, content_type, size) VALUES (72, 'file_72', 'application/octet-stream', 545182);
-- INSERT INTO files (id, file_name, content_type, size) VALUES (73, 'file_73', 'application/octet-stream', 693259);
-- INSERT INTO files (id, file_name, content_type, size) VALUES (74, 'file_74', 'application/octet-stream', 794944);
-- INSERT INTO files (id, file_name, content_type, size) VALUES (75, 'file_75', 'application/octet-stream', 874206);
-- INSERT INTO files (id, file_name, content_type, size) VALUES (76, 'file_76', 'application/octet-stream', 988116);
-- INSERT INTO files (id, file_name, content_type, size) VALUES (77, 'file_77', 'application/octet-stream', 732268);
-- INSERT INTO files (id, file_name, content_type, size) VALUES (78, 'file_78', 'application/octet-stream', 296112);
-- INSERT INTO files (id, file_name, content_type, size) VALUES (79, 'file_79', 'application/octet-stream', 189746);
-- INSERT INTO files (id, file_name, content_type, size) VALUES (80, 'file_80', 'application/octet-stream', 55267);
-- INSERT INTO files (id, file_name, content_type, size) VALUES (81, 'file_81', 'application/octet-stream', 400856);
-- INSERT INTO files (id, file_name, content_type, size) VALUES (82, 'file_82', 'application/octet-stream', 695182);
-- INSERT INTO files (id, file_name, content_type, size) VALUES (83, 'file_83', 'application/octet-stream', 531012);
-- INSERT INTO files (id, file_name, content_type, size) VALUES (84, 'file_84', 'application/octet-stream', 427890);
-- INSERT INTO files (id, file_name, content_type, size) VALUES (85, 'file_85', 'application/octet-stream', 559120);
-- INSERT INTO files (id, file_name, content_type, size) VALUES (86, 'file_86', 'application/octet-stream', 80936);
-- INSERT INTO files (id, file_name, content_type, size) VALUES (87, 'file_87', 'application/octet-stream', 776626);
-- INSERT INTO files (id, file_name, content_type, size) VALUES (88, 'file_88', 'application/octet-stream', 883144);
-- INSERT INTO files (id, file_name, content_type, size) VALUES (89, 'file_89', 'application/octet-stream', 163062);
-- INSERT INTO files (id, file_name, content_type, size) VALUES (90, 'file_90', 'application/octet-stream', 254906);
-- INSERT INTO files (id, file_name, content_type, size) VALUES (91, 'file_91', 'application/octet-stream', 336851);
-- INSERT INTO files (id, file_name, content_type, size) VALUES (92, 'file_92', 'application/octet-stream', 676656);
-- INSERT INTO files (id, file_name, content_type, size) VALUES (93, 'file_93', 'application/octet-stream', 754690);
-- INSERT INTO files (id, file_name, content_type, size) VALUES (94, 'file_94', 'application/octet-stream', 475739);
-- INSERT INTO files (id, file_name, content_type, size) VALUES (95, 'file_95', 'application/octet-stream', 980187);
-- INSERT INTO files (id, file_name, content_type, size) VALUES (96, 'file_96', 'application/octet-stream', 258365);
-- INSERT INTO files (id, file_name, content_type, size) VALUES (97, 'file_97', 'application/octet-stream', 199029);
-- INSERT INTO files (id, file_name, content_type, size) VALUES (98, 'file_98', 'application/octet-stream', 709094);
-- INSERT INTO files (id, file_name, content_type, size) VALUES (99, 'file_99', 'application/octet-stream', 429005);
-- INSERT INTO files (id, file_name, content_type, size) VALUES (100, 'file_100', 'application/octet-stream', 738294);

INSERT INTO employees (id, name, email, employee_number, department_id, position, hire_date, status) VALUES (1, 'Employee1', 'apxyz@example.com', 'EMP0001', 25, 'Developer', '2025-08-15 11:18:43', 'RESIGNED');
INSERT INTO employees (id, name, email, employee_number, department_id, position, hire_date, status) VALUES (2, 'Employee2', 'bwlgh@example.com', 'EMP0002', 31, 'Intern', '2023-12-23 00:22:22', 'ON_LEAVE');
INSERT INTO employees (id, name, email, employee_number, department_id, position, hire_date, status) VALUES (3, 'Employee3', 'xuyee@example.com', 'EMP0003', 14, 'Analyst', '2025-06-11 00:44:36', 'RESIGNED');
INSERT INTO employees (id, name, email, employee_number, department_id, position, hire_date, status) VALUES (4, 'Employee4', 'bhjry@example.com', 'EMP0004', 57, 'Developer', '2023-01-10 16:44:45', 'ON_LEAVE');
INSERT INTO employees (id, name, email, employee_number, department_id, position, hire_date, status) VALUES (5, 'Employee5', 'evlal@example.com', 'EMP0005', 27, 'Analyst', '2024-08-15 01:46:24', 'ON_LEAVE');
INSERT INTO employees (id, name, email, employee_number, department_id, position, hire_date, status) VALUES (6, 'Employee6', 'oobqd@example.com', 'EMP0006', 28, 'Manager', '2024-04-04 03:00:49', 'RESIGNED');
INSERT INTO employees (id, name, email, employee_number, department_id, position, hire_date, status) VALUES (7, 'Employee7', 'kmjzi@example.com', 'EMP0007', 88, 'Manager', '2024-11-17 13:18:18', 'ACTIVE');
INSERT INTO employees (id, name, email, employee_number, department_id, position, hire_date, status) VALUES (8, 'Employee8', 'dtbkx@example.com', 'EMP0008', 11, 'Intern', '2023-05-14 05:16:49', 'ACTIVE');
INSERT INTO employees (id, name, email, employee_number, department_id, position, hire_date, status) VALUES (9, 'Employee9', 'vjhdh@example.com', 'EMP0009', 78, 'Intern', '2023-06-18 11:05:29', 'ACTIVE');
INSERT INTO employees (id, name, email, employee_number, department_id, position, hire_date, status) VALUES (10, 'Employee10', 'ieyls@example.com', 'EMP0010', 49, 'Developer', '2024-08-04 07:47:08', 'ON_LEAVE');
INSERT INTO employees (id, name, email, employee_number, department_id, position, hire_date, status) VALUES (11, 'Employee11', 'lovwz@example.com', 'EMP0011', 34, 'Manager', '2023-06-11 07:18:15', 'RESIGNED');
INSERT INTO employees (id, name, email, employee_number, department_id, position, hire_date, status) VALUES (12, 'Employee12', 'cgzye@example.com', 'EMP0012', 57, 'Intern', '2023-04-14 01:46:33', 'ACTIVE');
INSERT INTO employees (id, name, email, employee_number, department_id, position, hire_date, status) VALUES (13, 'Employee13', 'lxkih@example.com', 'EMP0013', 79, 'Manager', '2023-10-19 08:39:31', 'ACTIVE');
INSERT INTO employees (id, name, email, employee_number, department_id, position, hire_date, status) VALUES (14, 'Employee14', 'recaq@example.com', 'EMP0014', 64, 'Analyst', '2024-03-09 08:29:20', 'ON_LEAVE');
INSERT INTO employees (id, name, email, employee_number, department_id, position, hire_date, status) VALUES (15, 'Employee15', 'dmndf@example.com', 'EMP0015', 70, 'Analyst', '2023-07-07 10:04:50', 'ON_LEAVE');
INSERT INTO employees (id, name, email, employee_number, department_id, position, hire_date, status) VALUES (16, 'Employee16', 'jajwr@example.com', 'EMP0016', 27, 'Intern', '2023-07-18 14:14:48', 'ON_LEAVE');
INSERT INTO employees (id, name, email, employee_number, department_id, position, hire_date, status) VALUES (17, 'Employee17', 'dvxkf@example.com', 'EMP0017', 68, 'Developer', '2025-05-20 22:21:51', 'ACTIVE');
INSERT INTO employees (id, name, email, employee_number, department_id, position, hire_date, status) VALUES (18, 'Employee18', 'khrmr@example.com', 'EMP0018', 91, 'Developer', '2025-07-04 04:01:10', 'ACTIVE');
INSERT INTO employees (id, name, email, employee_number, department_id, position, hire_date, status) VALUES (19, 'Employee19', 'ahgnb@example.com', 'EMP0019', 74, 'Manager', '2025-10-27 05:55:17', 'ACTIVE');
INSERT INTO employees (id, name, email, employee_number, department_id, position, hire_date, status) VALUES (20, 'Employee20', 'fesas@example.com', 'EMP0020', 44, 'Analyst', '2024-03-25 12:23:30', 'ON_LEAVE');
INSERT INTO employees (id, name, email, employee_number, department_id, position, hire_date, status) VALUES (21, 'Employee21', 'mbxgw@example.com', 'EMP0021', 54, 'Manager', '2025-10-21 06:25:27', 'RESIGNED');
INSERT INTO employees (id, name, email, employee_number, department_id, position, hire_date, status) VALUES (22, 'Employee22', 'drpwy@example.com', 'EMP0022', 17, 'Analyst', '2023-09-13 23:36:41', 'RESIGNED');
INSERT INTO employees (id, name, email, employee_number, department_id, position, hire_date, status) VALUES (23, 'Employee23', 'gsozn@example.com', 'EMP0023', 87, 'Intern', '2023-06-29 09:38:24', 'ACTIVE');
INSERT INTO employees (id, name, email, employee_number, department_id, position, hire_date, status) VALUES (24, 'Employee24', 'cluhk@example.com', 'EMP0024', 94, 'Manager', '2024-09-23 06:17:31', 'RESIGNED');
INSERT INTO employees (id, name, email, employee_number, department_id, position, hire_date, status) VALUES (25, 'Employee25', 'czhjb@example.com', 'EMP0025', 33, 'Intern', '2024-06-18 01:42:32', 'RESIGNED');
INSERT INTO employees (id, name, email, employee_number, department_id, position, hire_date, status) VALUES (26, 'Employee26', 'scqzp@example.com', 'EMP0026', 32, 'Analyst', '2025-07-04 00:57:48', 'ON_LEAVE');
INSERT INTO employees (id, name, email, employee_number, department_id, position, hire_date, status) VALUES (27, 'Employee27', 'thpot@example.com', 'EMP0027', 32, 'Manager', '2024-03-12 07:28:28', 'RESIGNED');
INSERT INTO employees (id, name, email, employee_number, department_id, position, hire_date, status) VALUES (28, 'Employee28', 'uabms@example.com', 'EMP0028', 98, 'Intern', '2025-11-13 00:35:28', 'RESIGNED');;
INSERT INTO employees (id, name, email, employee_number, department_id, position, hire_date, status) VALUES (29, 'Employee29', 'duzkg@example.com', 'EMP0029', 51, 'Intern', '2023-11-16 20:55:09', 'RESIGNED');
INSERT INTO employees (id, name, email, employee_number, department_id, position, hire_date, status) VALUES (30, 'Employee30', 'unvet@example.com', 'EMP0030', 16, 'Manager', '2025-07-20 07:37:51', 'ON_LEAVE');
INSERT INTO employees (id, name, email, employee_number, department_id, position, hire_date, status) VALUES (31, 'Employee31', 'imqez@example.com', 'EMP0031', 3, 'Intern', '2023-08-15 20:46:33', 'ON_LEAVE');
INSERT INTO employees (id, name, email, employee_number, department_id, position, hire_date, status) VALUES (32, 'Employee32', 'qlevb@example.com', 'EMP0032', 26, 'Manager', '2023-03-19 20:44:23', 'ON_LEAVE');
INSERT INTO employees (id, name, email, employee_number, department_id, position, hire_date, status) VALUES (33, 'Employee33', 'eckvy@example.com', 'EMP0033', 62, 'Intern', '2025-06-13 04:13:37', 'RESIGNED');
INSERT INTO employees (id, name, email, employee_number, department_id, position, hire_date, status) VALUES (34, 'Employee34', 'smjrt@example.com', 'EMP0034', 92, 'Manager', '2025-10-11 13:59:07', 'ON_LEAVE');
INSERT INTO employees (id, name, email, employee_number, department_id, position, hire_date, status) VALUES (35, 'Employee35', 'dfhid@example.com', 'EMP0035', 76, 'Developer', '2025-10-26 08:43:35', 'ON_LEAVE');
INSERT INTO employees (id, name, email, employee_number, department_id, position, hire_date, status) VALUES (36, 'Employee36', 'avmjo@example.com', 'EMP0036', 24, 'Manager', '2024-10-09 12:22:19', 'RESIGNED');
INSERT INTO employees (id, name, email, employee_number, department_id, position, hire_date, status) VALUES (37, 'Employee37', 'xfyur@example.com', 'EMP0037', 11, 'Developer', '2023-11-18 17:39:24', 'ACTIVE');
INSERT INTO employees (id, name, email, employee_number, department_id, position, hire_date, status) VALUES (38, 'Employee38', 'tbgaa@example.com', 'EMP0038', 54, 'Manager', '2024-01-23 05:15:03', 'ACTIVE');
INSERT INTO employees (id, name, email, employee_number, department_id, position, hire_date, status) VALUES (39, 'Employee39', 'lcvfd@example.com', 'EMP0039', 60, 'Analyst', '2025-12-16 22:47:49', 'ACTIVE');
INSERT INTO employees (id, name, email, employee_number, department_id, position, hire_date, status) VALUES (40, 'Employee40', 'vvmgk@example.com', 'EMP0040', 96, 'Developer', '2023-07-30 16:13:13', 'RESIGNED');
INSERT INTO employees (id, name, email, employee_number, department_id, position, hire_date, status) VALUES (41, 'Employee41', 'bwkce@example.com', 'EMP0041', 22, 'Manager', '2023-04-29 10:31:12', 'RESIGNED');
INSERT INTO employees (id, name, email, employee_number, department_id, position, hire_date, status) VALUES (42, 'Employee42', 'lvuba@example.com', 'EMP0042', 16, 'Intern', '2025-12-26 09:29:33', 'ACTIVE');
INSERT INTO employees (id, name, email, employee_number, department_id, position, hire_date, status) VALUES (43, 'Employee43', 'duqsf@example.com', 'EMP0043', 7, 'Intern', '2023-11-13 10:18:00', 'ON_LEAVE');
INSERT INTO employees (id, name, email, employee_number, department_id, position, hire_date, status) VALUES (44, 'Employee44', 'jgddr@example.com', 'EMP0044', 39, 'Developer', '2024-05-28 08:35:41', 'RESIGNED');
INSERT INTO employees (id, name, email, employee_number, department_id, position, hire_date, status) VALUES (45, 'Employee45', 'wuzca@example.com', 'EMP0045', 24, 'Intern', '2023-11-14 18:56:04', 'ON_LEAVE');
INSERT INTO employees (id, name, email, employee_number, department_id, position, hire_date, status) VALUES (46, 'Employee46', 'lehav@example.com', 'EMP0046', 6, 'Manager', '2024-07-28 12:19:07', 'ACTIVE');
INSERT INTO employees (id, name, email, employee_number, department_id, position, hire_date, status) VALUES (47, 'Employee47', 'kxxru@example.com', 'EMP0047', 90, 'Analyst', '2024-08-07 20:08:17', 'ON_LEAVE');
INSERT INTO employees (id, name, email, employee_number, department_id, position, hire_date, status) VALUES (48, 'Employee48', 'fdzph@example.com', 'EMP0048', 23, 'Manager', '2025-01-17 18:49:48', 'ACTIVE');
INSERT INTO employees (id, name, email, employee_number, department_id, position, hire_date, status) VALUES (49, 'Employee49', 'ndubt@example.com', 'EMP0049', 43, 'Analyst', '2024-09-25 05:03:51', 'ACTIVE');
INSERT INTO employees (id, name, email, employee_number, department_id, position, hire_date, status) VALUES (50, 'Employee50', 'prfml@example.com', 'EMP0050', 62, 'Analyst', '2024-12-27 15:27:29', 'ACTIVE');
INSERT INTO employees (id, name, email, employee_number, department_id, position, hire_date, status) VALUES (51, 'Employee51', 'yxywq@example.com', 'EMP0051', 56, 'Intern', '2023-05-10 17:30:25', 'ACTIVE');
INSERT INTO employees (id, name, email, employee_number, department_id, position, hire_date, status) VALUES (52, 'Employee52', 'enwxx@example.com', 'EMP0052', 30, 'Developer', '2023-02-17 03:54:52', 'RESIGNED');;
INSERT INTO employees (id, name, email, employee_number, department_id, position, hire_date, status) VALUES (53, 'Employee53', 'rzshc@example.com', 'EMP0053', 73, 'Analyst', '2025-06-15 18:45:32', 'RESIGNED');
INSERT INTO employees (id, name, email, employee_number, department_id, position, hire_date, status) VALUES (54, 'Employee54', 'hbsuu@example.com', 'EMP0054', 9, 'Manager', '2025-03-28 03:11:23', 'ON_LEAVE');
INSERT INTO employees (id, name, email, employee_number, department_id, position, hire_date, status) VALUES (55, 'Employee55', 'htwvp@example.com', 'EMP0055', 59, 'Manager', '2023-12-19 14:56:26', 'ACTIVE');
INSERT INTO employees (id, name, email, employee_number, department_id, position, hire_date, status) VALUES (56, 'Employee56', 'osjyy@example.com', 'EMP0056', 35, 'Analyst', '2024-08-17 15:02:20', 'RESIGNED');
INSERT INTO employees (id, name, email, employee_number, department_id, position, hire_date, status) VALUES (57, 'Employee57', 'vvgep@example.com', 'EMP0057', 14, 'Manager', '2023-02-21 21:42:17', 'ACTIVE');
INSERT INTO employees (id, name, email, employee_number, department_id, position, hire_date, status) VALUES (58, 'Employee58', 'igsiu@example.com', 'EMP0058', 54, 'Manager', '2025-06-28 06:41:42', 'ON_LEAVE');
INSERT INTO employees (id, name, email, employee_number, department_id, position, hire_date, status) VALUES (59, 'Employee59', 'dqtyj@example.com', 'EMP0059', 20, 'Manager', '2024-09-07 19:11:45', 'ON_LEAVE');
INSERT INTO employees (id, name, email, employee_number, department_id, position, hire_date, status) VALUES (60, 'Employee60', 'bjpxp@example.com', 'EMP0060', 84, 'Analyst', '2023-01-01 12:31:26', 'ACTIVE');
INSERT INTO employees (id, name, email, employee_number, department_id, position, hire_date, status) VALUES (61, 'Employee61', 'numwk@example.com', 'EMP0061', 36, 'Manager', '2023-09-28 20:27:25', 'ACTIVE');
INSERT INTO employees (id, name, email, employee_number, department_id, position, hire_date, status) VALUES (62, 'Employee62', 'gywbl@example.com', 'EMP0062', 32, 'Developer', '2024-05-10 11:15:50', 'ACTIVE');
INSERT INTO employees (id, name, email, employee_number, department_id, position, hire_date, status) VALUES (63, 'Employee63', 'uykes@example.com', 'EMP0063', 90, 'Manager', '2025-12-20 19:11:34', 'RESIGNED');
INSERT INTO employees (id, name, email, employee_number, department_id, position, hire_date, status) VALUES (64, 'Employee64', 'hmqfg@example.com', 'EMP0064', 73, 'Manager', '2025-09-12 16:37:12', 'RESIGNED');
INSERT INTO employees (id, name, email, employee_number, department_id, position, hire_date, status) VALUES (65, 'Employee65', 'fcfht@example.com', 'EMP0065', 24, 'Analyst', '2023-04-12 10:27:10', 'ACTIVE');
INSERT INTO employees (id, name, email, employee_number, department_id, position, hire_date, status) VALUES (66, 'Employee66', 'nzlpm@example.com', 'EMP0066', 43, 'Analyst', '2023-07-27 16:31:09', 'ACTIVE');
INSERT INTO employees (id, name, email, employee_number, department_id, position, hire_date, status) VALUES (67, 'Employee67', 'awyre@example.com', 'EMP0067', 26, 'Intern', '2023-08-14 22:27:48', 'ACTIVE');
INSERT INTO employees (id, name, email, employee_number, department_id, position, hire_date, status) VALUES (68, 'Employee68', 'zraxw@example.com', 'EMP0068', 59, 'Intern', '2024-08-08 23:49:21', 'ACTIVE');
INSERT INTO employees (id, name, email, employee_number, department_id, position, hire_date, status) VALUES (69, 'Employee69', 'fgxaq@example.com', 'EMP0069', 72, 'Analyst', '2023-01-12 22:03:51', 'ON_LEAVE');
INSERT INTO employees (id, name, email, employee_number, department_id, position, hire_date, status) VALUES (70, 'Employee70', 'uhuog@example.com', 'EMP0070', 53, 'Intern', '2025-06-19 22:48:58', 'ACTIVE');
INSERT INTO employees (id, name, email, employee_number, department_id, position, hire_date, status) VALUES (71, 'Employee71', 'rhzzd@example.com', 'EMP0071', 18, 'Developer', '2025-08-25 09:51:42', 'RESIGNED');
INSERT INTO employees (id, name, email, employee_number, department_id, position, hire_date, status) VALUES (72, 'Employee72', 'dsmzz@example.com', 'EMP0072', 62, 'Intern', '2024-11-25 22:45:23', 'ACTIVE');
INSERT INTO employees (id, name, email, employee_number, department_id, position, hire_date, status) VALUES (73, 'Employee73', 'oekth@example.com', 'EMP0073', 29, 'Analyst', '2023-02-24 13:32:46', 'ACTIVE');
INSERT INTO employees (id, name, email, employee_number, department_id, position, hire_date, status) VALUES (74, 'Employee74', 'ipctc@example.com', 'EMP0074', 87, 'Manager', '2024-05-27 09:39:43', 'ACTIVE');
INSERT INTO employees (id, name, email, employee_number, department_id, position, hire_date, status) VALUES (75, 'Employee75', 'dvlmt@example.com', 'EMP0075', 84, 'Manager', '2024-11-04 17:11:00', 'ON_LEAVE');
INSERT INTO employees (id, name, email, employee_number, department_id, position, hire_date, status) VALUES (76, 'Employee76', 'zusyo@example.com', 'EMP0076', 30, 'Analyst', '2025-12-15 03:25:21', 'RESIGNED');
INSERT INTO employees (id, name, email, employee_number, department_id, position, hire_date, status) VALUES (77, 'Employee77', 'bevkp@example.com', 'EMP0077', 73, 'Manager', '2023-06-22 20:47:30', 'ON_LEAVE');
INSERT INTO employees (id, name, email, employee_number, department_id, position, hire_date, status) VALUES (78, 'Employee78', 'ecyvc@example.com', 'EMP0078', 6, 'Analyst', '2023-07-08 17:08:14', 'ON_LEAVE');
INSERT INTO employees (id, name, email, employee_number, department_id, position, hire_date, status) VALUES (79, 'Employee79', 'axlem@example.com', 'EMP0079', 11, 'Analyst', '2025-12-24 14:20:42', 'RESIGNED');
INSERT INTO employees (id, name, email, employee_number, department_id, position, hire_date, status) VALUES (80, 'Employee80', 'ykmwf@example.com', 'EMP0080', 68, 'Analyst', '2023-08-06 07:36:15', 'RESIGNED');
INSERT INTO employees (id, name, email, employee_number, department_id, position, hire_date, status) VALUES (81, 'Employee81', 'bypis@example.com', 'EMP0081', 67, 'Analyst', '2025-01-01 03:32:47', 'ON_LEAVE');
INSERT INTO employees (id, name, email, employee_number, department_id, position, hire_date, status) VALUES (82, 'Employee82', 'hpseu@example.com', 'EMP0082', 84, 'Intern', '2025-02-15 19:57:53', 'RESIGNED');
INSERT INTO employees (id, name, email, employee_number, department_id, position, hire_date, status) VALUES (83, 'Employee83', 'bynun@example.com', 'EMP0083', 83, 'Intern', '2025-10-28 22:36:26', 'ON_LEAVE');
INSERT INTO employees (id, name, email, employee_number, department_id, position, hire_date, status) VALUES (84, 'Employee84', 'nzecx@example.com', 'EMP0084', 68, 'Analyst', '2024-06-21 06:20:45', 'ON_LEAVE');
INSERT INTO employees (id, name, email, employee_number, department_id, position, hire_date, status) VALUES (85, 'Employee85', 'xgcev@example.com', 'EMP0085', 46, 'Developer', '2024-03-20 11:56:58', 'RESIGNED');
INSERT INTO employees (id, name, email, employee_number, department_id, position, hire_date, status) VALUES (86, 'Employee86', 'pzpjg@example.com', 'EMP0086', 2, 'Analyst', '2023-04-17 03:44:17', 'ACTIVE');
INSERT INTO employees (id, name, email, employee_number, department_id, position, hire_date, status) VALUES (87, 'Employee87', 'fnpib@example.com', 'EMP0087', 96, 'Intern', '2025-09-05 21:17:23', 'RESIGNED');
INSERT INTO employees (id, name, email, employee_number, department_id, position, hire_date, status) VALUES (88, 'Employee88', 'jnqwq@example.com', 'EMP0088', 82, 'Intern', '2024-09-06 04:02:14', 'ACTIVE');
INSERT INTO employees (id, name, email, employee_number, department_id, position, hire_date, status) VALUES (89, 'Employee89', 'edqzc@example.com', 'EMP0089', 48, 'Manager', '2025-12-28 09:18:31', 'ON_LEAVE');
INSERT INTO employees (id, name, email, employee_number, department_id, position, hire_date, status) VALUES (90, 'Employee90', 'ilodz@example.com', 'EMP0090', 40, 'Analyst', '2024-09-17 00:58:18', 'ACTIVE');
INSERT INTO employees (id, name, email, employee_number, department_id, position, hire_date, status) VALUES (91, 'Employee91', 'rtalk@example.com', 'EMP0091', 24, 'Analyst', '2023-10-17 12:31:17', 'ON_LEAVE');
INSERT INTO employees (id, name, email, employee_number, department_id, position, hire_date, status) VALUES (92, 'Employee92', 'dctxo@example.com', 'EMP0092', 72, 'Developer', '2023-04-21 19:14:50', 'ON_LEAVE');
INSERT INTO employees (id, name, email, employee_number, department_id, position, hire_date, status) VALUES (93, 'Employee93', 'oeipe@example.com', 'EMP0093', 97, 'Intern', '2024-03-17 10:05:17', 'ON_LEAVE');
INSERT INTO employees (id, name, email, employee_number, department_id, position, hire_date, status) VALUES (94, 'Employee94', 'ihpwd@example.com', 'EMP0094', 68, 'Intern', '2023-06-17 02:01:29', 'RESIGNED');
INSERT INTO employees (id, name, email, employee_number, department_id, position, hire_date, status) VALUES (95, 'Employee95', 'qkbkz@example.com', 'EMP0095', 9, 'Analyst', '2025-05-25 14:14:45', 'ON_LEAVE');
INSERT INTO employees (id, name, email, employee_number, department_id, position, hire_date, status) VALUES (96, 'Employee96', 'xulcn@example.com', 'EMP0096', 21, 'Intern', '2023-03-26 20:04:35', 'RESIGNED');
INSERT INTO employees (id, name, email, employee_number, department_id, position, hire_date, status) VALUES (97, 'Employee97', 'mcgjt@example.com', 'EMP0097', 94, 'Manager', '2025-01-10 22:56:34', 'ACTIVE');
INSERT INTO employees (id, name, email, employee_number, department_id, position, hire_date, status) VALUES (98, 'Employee98', 'izbqa@example.com', 'EMP0098', 69, 'Developer', '2025-02-10 11:22:47', 'RESIGNED');
INSERT INTO employees (id, name, email, employee_number, department_id, position, hire_date, status) VALUES (99, 'Employee99', 'bqcgg@example.com', 'EMP0099', 65, 'Developer', '2025-12-24 08:28:18', 'ON_LEAVE');
INSERT INTO employees (id, name, email, employee_number, department_id, position, hire_date, status) VALUES (100, 'Employee100', 'ihgoz@example.com', 'EMP0100', 82, 'Developer', '2025-10-29 23:31:03', 'RESIGNED');

INSERT INTO change_logs (id, type, employee_number, memo, ip_address, at) VALUES (1, 'CREATED', 'EMP0096', 'Change memo 1', '192.168.1.95', '2025-05-06 08:44:40');
INSERT INTO change_logs (id, type, employee_number, memo, ip_address, at) VALUES (2, 'UPDATED', 'EMP0020', 'Change memo 2', '192.168.1.125', '2023-07-02 18:02:34');
INSERT INTO change_logs (id, type, employee_number, memo, ip_address, at) VALUES (3, 'UPDATED', 'EMP0045', 'Change memo 3', '192.168.1.194', '2023-03-16 22:13:13');
INSERT INTO change_logs (id, type, employee_number, memo, ip_address, at) VALUES (4, 'CREATED', 'EMP0070', 'Change memo 4', '192.168.1.221', '2024-04-12 05:44:46');
INSERT INTO change_logs (id, type, employee_number, memo, ip_address, at) VALUES (5, 'CREATED', 'EMP0086', 'Change memo 5', '192.168.1.42', '2025-11-13 04:20:22');
INSERT INTO change_logs (id, type, employee_number, memo, ip_address, at) VALUES (6, 'DELETED', 'EMP0091', 'Change memo 6', '192.168.1.34', '2024-11-27 10:47:14');
INSERT INTO change_logs (id, type, employee_number, memo, ip_address, at) VALUES (7, 'CREATED', 'EMP0087', 'Change memo 7', '192.168.1.25', '2024-09-20 10:17:45');
INSERT INTO change_logs (id, type, employee_number, memo, ip_address, at) VALUES (8, 'UPDATED', 'EMP0054', 'Change memo 8', '192.168.1.216', '2025-04-23 02:18:15');
INSERT INTO change_logs (id, type, employee_number, memo, ip_address, at) VALUES (9, 'CREATED', 'EMP0060', 'Change memo 9', '192.168.1.138', '2025-06-23 08:38:46');
INSERT INTO change_logs (id, type, employee_number, memo, ip_address, at) VALUES (10, 'CREATED', 'EMP0031', 'Change memo 10', '192.168.1.63', '2025-08-17 15:32:31');
INSERT INTO change_logs (id, type, employee_number, memo, ip_address, at) VALUES (11, 'UPDATED', 'EMP0031', 'Change memo 11', '192.168.1.136', '2023-10-23 07:09:12');
INSERT INTO change_logs (id, type, employee_number, memo, ip_address, at) VALUES (12, 'CREATED', 'EMP0086', 'Change memo 12', '192.168.1.73', '2023-08-28 12:18:54');
INSERT INTO change_logs (id, type, employee_number, memo, ip_address, at) VALUES (13, 'CREATED', 'EMP0042', 'Change memo 13', '192.168.1.199', '2023-11-11 05:15:27');
INSERT INTO change_logs (id, type, employee_number, memo, ip_address, at) VALUES (14, 'DELETED', 'EMP0095', 'Change memo 14', '192.168.1.60', '2024-01-18 03:49:24');
INSERT INTO change_logs (id, type, employee_number, memo, ip_address, at) VALUES (15, 'DELETED', 'EMP0010', 'Change memo 15', '192.168.1.15', '2024-09-11 21:37:12');
INSERT INTO change_logs (id, type, employee_number, memo, ip_address, at) VALUES (16, 'UPDATED', 'EMP0090', 'Change memo 16', '192.168.1.154', '2024-05-19 06:43:14');
INSERT INTO change_logs (id, type, employee_number, memo, ip_address, at) VALUES (17, 'UPDATED', 'EMP0027', 'Change memo 17', '192.168.1.26', '2024-12-20 00:42:21');
INSERT INTO change_logs (id, type, employee_number, memo, ip_address, at) VALUES (18, 'CREATED', 'EMP0007', 'Change memo 18', '192.168.1.177', '2024-10-08 19:59:52');
INSERT INTO change_logs (id, type, employee_number, memo, ip_address, at) VALUES (19, 'UPDATED', 'EMP0082', 'Change memo 19', '192.168.1.210', '2024-07-21 21:16:19');
INSERT INTO change_logs (id, type, employee_number, memo, ip_address, at) VALUES (20, 'CREATED', 'EMP0008', 'Change memo 20', '192.168.1.112', '2025-10-13 05:03:56');
INSERT INTO change_logs (id, type, employee_number, memo, ip_address, at) VALUES (21, 'CREATED', 'EMP0084', 'Change memo 21', '192.168.1.132', '2023-07-30 05:18:21');
INSERT INTO change_logs (id, type, employee_number, memo, ip_address, at) VALUES (22, 'DELETED', 'EMP0043', 'Change memo 22', '192.168.1.75', '2023-08-14 22:16:59');
INSERT INTO change_logs (id, type, employee_number, memo, ip_address, at) VALUES (23, 'CREATED', 'EMP0060', 'Change memo 23', '192.168.1.236', '2025-10-26 15:50:46');
INSERT INTO change_logs (id, type, employee_number, memo, ip_address, at) VALUES (24, 'DELETED', 'EMP0003', 'Change memo 24', '192.168.1.12', '2023-01-28 07:46:49');
INSERT INTO change_logs (id, type, employee_number, memo, ip_address, at) VALUES (25, 'CREATED', 'EMP0040', 'Change memo 25', '192.168.1.189', '2023-02-22 20:03:59');
INSERT INTO change_logs (id, type, employee_number, memo, ip_address, at) VALUES (26, 'DELETED', 'EMP0025', 'Change memo 26', '192.168.1.206', '2023-06-20 10:46:30');
INSERT INTO change_logs (id, type, employee_number, memo, ip_address, at) VALUES (27, 'UPDATED', 'EMP0076', 'Change memo 27', '192.168.1.244', '2024-03-01 03:30:54');
INSERT INTO change_logs (id, type, employee_number, memo, ip_address, at) VALUES (28, 'DELETED', 'EMP0057', 'Change memo 28', '192.168.1.182', '2023-12-09 03:06:55');
INSERT INTO change_logs (id, type, employee_number, memo, ip_address, at) VALUES (29, 'CREATED', 'EMP0035', 'Change memo 29', '192.168.1.66', '2025-11-08 12:32:08');
INSERT INTO change_logs (id, type, employee_number, memo, ip_address, at) VALUES (30, 'DELETED', 'EMP0084', 'Change memo 30', '192.168.1.98', '2023-06-22 20:55:06');
INSERT INTO change_logs (id, type, employee_number, memo, ip_address, at) VALUES (31, 'DELETED', 'EMP0032', 'Change memo 31', '192.168.1.24', '2025-11-27 12:50:20');
INSERT INTO change_logs (id, type, employee_number, memo, ip_address, at) VALUES (32, 'DELETED', 'EMP0075', 'Change memo 32', '192.168.1.69', '2024-06-23 22:36:35');
INSERT INTO change_logs (id, type, employee_number, memo, ip_address, at) VALUES (33, 'CREATED', 'EMP0022', 'Change memo 33', '192.168.1.155', '2023-11-23 19:39:02');
INSERT INTO change_logs (id, type, employee_number, memo, ip_address, at) VALUES (34, 'DELETED', 'EMP0078', 'Change memo 34', '192.168.1.20', '2024-03-29 22:14:07');
INSERT INTO change_logs (id, type, employee_number, memo, ip_address, at) VALUES (35, 'CREATED', 'EMP0007', 'Change memo 35', '192.168.1.7', '2025-01-08 17:40:22');
INSERT INTO change_logs (id, type, employee_number, memo, ip_address, at) VALUES (36, 'DELETED', 'EMP0066', 'Change memo 36', '192.168.1.207', '2025-10-16 07:33:33');
INSERT INTO change_logs (id, type, employee_number, memo, ip_address, at) VALUES (37, 'DELETED', 'EMP0042', 'Change memo 37', '192.168.1.76', '2025-02-11 00:10:42');
INSERT INTO change_logs (id, type, employee_number, memo, ip_address, at) VALUES (38, 'UPDATED', 'EMP0062', 'Change memo 38', '192.168.1.88', '2025-03-29 10:52:39');
INSERT INTO change_logs (id, type, employee_number, memo, ip_address, at) VALUES (39, 'DELETED', 'EMP0036', 'Change memo 39', '192.168.1.90', '2023-03-15 01:13:30');
INSERT INTO change_logs (id, type, employee_number, memo, ip_address, at) VALUES (40, 'DELETED', 'EMP0004', 'Change memo 40', '192.168.1.250', '2024-04-29 15:36:10');
INSERT INTO change_logs (id, type, employee_number, memo, ip_address, at) VALUES (41, 'UPDATED', 'EMP0077', 'Change memo 41', '192.168.1.222', '2023-09-24 17:42:32');
INSERT INTO change_logs (id, type, employee_number, memo, ip_address, at) VALUES (42, 'DELETED', 'EMP0042', 'Change memo 42', '192.168.1.231', '2023-09-10 07:14:33');
INSERT INTO change_logs (id, type, employee_number, memo, ip_address, at) VALUES (43, 'UPDATED', 'EMP0015', 'Change memo 43', '192.168.1.49', '2024-07-26 05:05:25');
INSERT INTO change_logs (id, type, employee_number, memo, ip_address, at) VALUES (44, 'CREATED', 'EMP0001', 'Change memo 44', '192.168.1.93', '2024-02-23 22:22:21');
INSERT INTO change_logs (id, type, employee_number, memo, ip_address, at) VALUES (45, 'UPDATED', 'EMP0021', 'Change memo 45', '192.168.1.160', '2025-10-21 07:12:47');
INSERT INTO change_logs (id, type, employee_number, memo, ip_address, at) VALUES (46, 'UPDATED', 'EMP0003', 'Change memo 46', '192.168.1.248', '2025-01-31 04:17:51');
INSERT INTO change_logs (id, type, employee_number, memo, ip_address, at) VALUES (47, 'DELETED', 'EMP0030', 'Change memo 47', '192.168.1.71', '2024-10-23 10:23:57');
INSERT INTO change_logs (id, type, employee_number, memo, ip_address, at) VALUES (48, 'DELETED', 'EMP0076', 'Change memo 48', '192.168.1.250', '2023-03-14 17:09:19');
INSERT INTO change_logs (id, type, employee_number, memo, ip_address, at) VALUES (49, 'CREATED', 'EMP0013', 'Change memo 49', '192.168.1.116', '2024-05-07 21:16:23');
INSERT INTO change_logs (id, type, employee_number, memo, ip_address, at) VALUES (50, 'UPDATED', 'EMP0100', 'Change memo 50', '192.168.1.240', '2025-07-16 03:48:53');
INSERT INTO change_logs (id, type, employee_number, memo, ip_address, at) VALUES (51, 'UPDATED', 'EMP0023', 'Change memo 51', '192.168.1.14', '2025-10-14 20:14:39');
INSERT INTO change_logs (id, type, employee_number, memo, ip_address, at) VALUES (52, 'CREATED', 'EMP0061', 'Change memo 52', '192.168.1.215', '2025-07-29 14:01:50');
INSERT INTO change_logs (id, type, employee_number, memo, ip_address, at) VALUES (53, 'DELETED', 'EMP0008', 'Change memo 53', '192.168.1.155', '2023-04-28 10:50:05');
INSERT INTO change_logs (id, type, employee_number, memo, ip_address, at) VALUES (54, 'UPDATED', 'EMP0085', 'Change memo 54', '192.168.1.48', '2023-08-29 06:02:59');
INSERT INTO change_logs (id, type, employee_number, memo, ip_address, at) VALUES (55, 'UPDATED', 'EMP0007', 'Change memo 55', '192.168.1.113', '2024-07-28 18:56:24');
INSERT INTO change_logs (id, type, employee_number, memo, ip_address, at) VALUES (56, 'UPDATED', 'EMP0062', 'Change memo 56', '192.168.1.223', '2023-03-17 06:04:47');
INSERT INTO change_logs (id, type, employee_number, memo, ip_address, at) VALUES (57, 'CREATED', 'EMP0070', 'Change memo 57', '192.168.1.73', '2025-08-08 22:47:39');
INSERT INTO change_logs (id, type, employee_number, memo, ip_address, at) VALUES (58, 'UPDATED', 'EMP0056', 'Change memo 58', '192.168.1.203', '2025-02-03 08:05:27');
INSERT INTO change_logs (id, type, employee_number, memo, ip_address, at) VALUES (59, 'DELETED', 'EMP0083', 'Change memo 59', '192.168.1.17', '2024-04-26 20:58:24');
INSERT INTO change_logs (id, type, employee_number, memo, ip_address, at) VALUES (60, 'UPDATED', 'EMP0079', 'Change memo 60', '192.168.1.21', '2023-01-20 08:54:08');
INSERT INTO change_logs (id, type, employee_number, memo, ip_address, at) VALUES (61, 'DELETED', 'EMP0060', 'Change memo 61', '192.168.1.44', '2024-06-17 02:12:48');
INSERT INTO change_logs (id, type, employee_number, memo, ip_address, at) VALUES (62, 'DELETED', 'EMP0018', 'Change memo 62', '192.168.1.15', '2024-03-07 11:44:31');
INSERT INTO change_logs (id, type, employee_number, memo, ip_address, at) VALUES (63, 'CREATED', 'EMP0060', 'Change memo 63', '192.168.1.233', '2023-12-25 17:40:18');
INSERT INTO change_logs (id, type, employee_number, memo, ip_address, at) VALUES (64, 'CREATED', 'EMP0034', 'Change memo 64', '192.168.1.217', '2025-05-10 15:07:02');
INSERT INTO change_logs (id, type, employee_number, memo, ip_address, at) VALUES (65, 'DELETED', 'EMP0086', 'Change memo 65', '192.168.1.141', '2025-01-09 15:19:00');
INSERT INTO change_logs (id, type, employee_number, memo, ip_address, at) VALUES (66, 'UPDATED', 'EMP0006', 'Change memo 66', '192.168.1.67', '2024-06-02 21:55:57');
INSERT INTO change_logs (id, type, employee_number, memo, ip_address, at) VALUES (67, 'CREATED', 'EMP0029', 'Change memo 67', '192.168.1.191', '2025-03-11 13:05:05');
INSERT INTO change_logs (id, type, employee_number, memo, ip_address, at) VALUES (68, 'DELETED', 'EMP0049', 'Change memo 68', '192.168.1.182', '2024-11-08 07:25:48');
INSERT INTO change_logs (id, type, employee_number, memo, ip_address, at) VALUES (69, 'UPDATED', 'EMP0008', 'Change memo 69', '192.168.1.22', '2023-07-22 15:39:06');
INSERT INTO change_logs (id, type, employee_number, memo, ip_address, at) VALUES (70, 'UPDATED', 'EMP0094', 'Change memo 70', '192.168.1.114', '2025-06-14 06:28:47');
INSERT INTO change_logs (id, type, employee_number, memo, ip_address, at) VALUES (71, 'DELETED', 'EMP0025', 'Change memo 71', '192.168.1.30', '2023-04-18 07:25:43');
INSERT INTO change_logs (id, type, employee_number, memo, ip_address, at) VALUES (72, 'CREATED', 'EMP0090', 'Change memo 72', '192.168.1.211', '2025-06-28 14:58:46');
INSERT INTO change_logs (id, type, employee_number, memo, ip_address, at) VALUES (73, 'CREATED', 'EMP0053', 'Change memo 73', '192.168.1.88', '2024-06-06 07:36:55');
INSERT INTO change_logs (id, type, employee_number, memo, ip_address, at) VALUES (74, 'UPDATED', 'EMP0010', 'Change memo 74', '192.168.1.187', '2024-11-18 01:36:23');
INSERT INTO change_logs (id, type, employee_number, memo, ip_address, at) VALUES (75, 'UPDATED', 'EMP0072', 'Change memo 75', '192.168.1.147', '2025-04-26 20:55:37');
INSERT INTO change_logs (id, type, employee_number, memo, ip_address, at) VALUES (76, 'UPDATED', 'EMP0034', 'Change memo 76', '192.168.1.34', '2024-06-20 06:53:53');
INSERT INTO change_logs (id, type, employee_number, memo, ip_address, at) VALUES (77, 'UPDATED', 'EMP0078', 'Change memo 77', '192.168.1.86', '2023-11-15 14:48:18');
INSERT INTO change_logs (id, type, employee_number, memo, ip_address, at) VALUES (78, 'CREATED', 'EMP0015', 'Change memo 78', '192.168.1.93', '2024-10-29 05:51:49');
INSERT INTO change_logs (id, type, employee_number, memo, ip_address, at) VALUES (79, 'UPDATED', 'EMP0058', 'Change memo 79', '192.168.1.26', '2023-10-29 04:05:19');
INSERT INTO change_logs (id, type, employee_number, memo, ip_address, at) VALUES (80, 'DELETED', 'EMP0085', 'Change memo 80', '192.168.1.183', '2023-10-23 09:56:25');
INSERT INTO change_logs (id, type, employee_number, memo, ip_address, at) VALUES (81, 'CREATED', 'EMP0007', 'Change memo 81', '192.168.1.224', '2024-05-03 05:52:48');
INSERT INTO change_logs (id, type, employee_number, memo, ip_address, at) VALUES (82, 'CREATED', 'EMP0086', 'Change memo 82', '192.168.1.13', '2025-12-12 18:59:49');
INSERT INTO change_logs (id, type, employee_number, memo, ip_address, at) VALUES (83, 'DELETED', 'EMP0074', 'Change memo 83', '192.168.1.139', '2025-10-23 08:02:17');
INSERT INTO change_logs (id, type, employee_number, memo, ip_address, at) VALUES (84, 'CREATED', 'EMP0069', 'Change memo 84', '192.168.1.119', '2023-11-18 03:53:24');
INSERT INTO change_logs (id, type, employee_number, memo, ip_address, at) VALUES (85, 'UPDATED', 'EMP0077', 'Change memo 85', '192.168.1.141', '2024-08-12 12:24:38');
INSERT INTO change_logs (id, type, employee_number, memo, ip_address, at) VALUES (86, 'CREATED', 'EMP0028', 'Change memo 86', '192.168.1.194', '2024-06-16 14:20:04');
INSERT INTO change_logs (id, type, employee_number, memo, ip_address, at) VALUES (87, 'DELETED', 'EMP0067', 'Change memo 87', '192.168.1.1', '2023-10-23 01:59:30');
INSERT INTO change_logs (id, type, employee_number, memo, ip_address, at) VALUES (88, 'CREATED', 'EMP0062', 'Change memo 88', '192.168.1.128', '2025-05-25 02:04:15');
INSERT INTO change_logs (id, type, employee_number, memo, ip_address, at) VALUES (89, 'DELETED', 'EMP0016', 'Change memo 89', '192.168.1.153', '2024-01-14 11:14:47');
INSERT INTO change_logs (id, type, employee_number, memo, ip_address, at) VALUES (90, 'CREATED', 'EMP0090', 'Change memo 90', '192.168.1.64', '2024-04-04 12:53:38');
INSERT INTO change_logs (id, type, employee_number, memo, ip_address, at) VALUES (91, 'CREATED', 'EMP0073', 'Change memo 91', '192.168.1.216', '2024-09-27 06:36:59');
INSERT INTO change_logs (id, type, employee_number, memo, ip_address, at) VALUES (92, 'CREATED', 'EMP0063', 'Change memo 92', '192.168.1.69', '2025-02-05 07:23:40');
INSERT INTO change_logs (id, type, employee_number, memo, ip_address, at) VALUES (93, 'DELETED', 'EMP0071', 'Change memo 93', '192.168.1.97', '2023-06-06 11:52:48');
INSERT INTO change_logs (id, type, employee_number, memo, ip_address, at) VALUES (94, 'CREATED', 'EMP0037', 'Change memo 94', '192.168.1.39', '2024-03-08 05:55:22');
INSERT INTO change_logs (id, type, employee_number, memo, ip_address, at) VALUES (95, 'DELETED', 'EMP0015', 'Change memo 95', '192.168.1.11', '2024-12-05 18:42:33');
INSERT INTO change_logs (id, type, employee_number, memo, ip_address, at) VALUES (96, 'UPDATED', 'EMP0059', 'Change memo 96', '192.168.1.175', '2024-04-24 16:26:06');
INSERT INTO change_logs (id, type, employee_number, memo, ip_address, at) VALUES (97, 'UPDATED', 'EMP0080', 'Change memo 97', '192.168.1.165', '2024-07-04 03:11:32');
INSERT INTO change_logs (id, type, employee_number, memo, ip_address, at) VALUES (98, 'CREATED', 'EMP0019', 'Change memo 98', '192.168.1.105', '2023-09-13 13:52:10');
INSERT INTO change_logs (id, type, employee_number, memo, ip_address, at) VALUES (99, 'DELETED', 'EMP0045', 'Change memo 99', '192.168.1.201', '2023-05-23 10:29:22');
INSERT INTO change_logs (id, type, employee_number, memo, ip_address, at) VALUES (100, 'DELETED', 'EMP0035', 'Change memo 100', '192.168.1.178', '2023-10-26 06:53:37');

INSERT INTO change_log_diffs (id, log_id, property_name, before, after) VALUES (1, 53, 'name', 'mdcVe', 'DisJN');
INSERT INTO change_log_diffs (id, log_id, property_name, before, after) VALUES (2, 49, 'email', 'TDmDg', 'aOoeM');
INSERT INTO change_log_diffs (id, log_id, property_name, before, after) VALUES (3, 97, 'position', 'XMwdG', 'PDINe');
INSERT INTO change_log_diffs (id, log_id, property_name, before, after) VALUES (4, 46, 'name', 'eLafw', 'QFwpz');
INSERT INTO change_log_diffs (id, log_id, property_name, before, after) VALUES (5, 88, 'position', 'OvWVQ', 'BfKCN');
INSERT INTO change_log_diffs (id, log_id, property_name, before, after) VALUES (6, 48, 'email', 'LijkM', 'FzuXu');
INSERT INTO change_log_diffs (id, log_id, property_name, before, after) VALUES (7, 67, 'position', 'xditE', 'aWAhq');
INSERT INTO change_log_diffs (id, log_id, property_name, before, after) VALUES (8, 4, 'email', 'yZDXv', 'mdrvR');
INSERT INTO change_log_diffs (id, log_id, property_name, before, after) VALUES (9, 4, 'name', 'fYtVV', 'SrfPa');
INSERT INTO change_log_diffs (id, log_id, property_name, before, after) VALUES (10, 21, 'email', 'cLzRW', 'Wjrnx');
INSERT INTO change_log_diffs (id, log_id, property_name, before, after) VALUES (11, 100, 'status', 'RoyyK', 'KIGnK');
INSERT INTO change_log_diffs (id, log_id, property_name, before, after) VALUES (12, 62, 'status', 'mVhxp', 'aGSQC');
INSERT INTO change_log_diffs (id, log_id, property_name, before, after) VALUES (13, 50, 'position', 'lkUnN', 'gjlQF');
INSERT INTO change_log_diffs (id, log_id, property_name, before, after) VALUES (14, 39, 'status', 'arMAE', 'gLPKg');
INSERT INTO change_log_diffs (id, log_id, property_name, before, after) VALUES (15, 79, 'position', 'UmpNt', 'ZRKYz');
INSERT INTO change_log_diffs (id, log_id, property_name, before, after) VALUES (16, 78, 'status', 'ORTZG', 'lLZNC');
INSERT INTO change_log_diffs (id, log_id, property_name, before, after) VALUES (17, 7, 'status', 'YmxSu', 'BXRXX');
INSERT INTO change_log_diffs (id, log_id, property_name, before, after) VALUES (18, 60, 'email', 'IpOUz', 'IkRdj');
INSERT INTO change_log_diffs (id, log_id, property_name, before, after) VALUES (19, 63, 'email', 'xXqSG', 'Zmaka');
INSERT INTO change_log_diffs (id, log_id, property_name, before, after) VALUES (20, 43, 'position', 'DKRPk', 'NkFWs');
INSERT INTO change_log_diffs (id, log_id, property_name, before, after) VALUES (21, 44, 'name', 'EUoHO', 'CDbHZ');
INSERT INTO change_log_diffs (id, log_id, property_name, before, after) VALUES (22, 70, 'status', 'JfsbR', 'BcJhb');
INSERT INTO change_log_diffs (id, log_id, property_name, before, after) VALUES (23, 40, 'email', 'sDNfn', 'raaCb');
INSERT INTO change_log_diffs (id, log_id, property_name, before, after) VALUES (24, 4, 'name', 'JuwUw', 'oEjkS');
INSERT INTO change_log_diffs (id, log_id, property_name, before, after) VALUES (25, 70, 'email', 'Ybnxa', 'sFaPl');
INSERT INTO change_log_diffs (id, log_id, property_name, before, after) VALUES (26, 10, 'status', 'ylfcm', 'oaJtz');
INSERT INTO change_log_diffs (id, log_id, property_name, before, after) VALUES (27, 80, 'status', 'MGieF', 'obxzQ');
INSERT INTO change_log_diffs (id, log_id, property_name, before, after) VALUES (28, 71, 'name', 'iOAaT', 'ezelQ');
INSERT INTO change_log_diffs (id, log_id, property_name, before, after) VALUES (29, 45, 'position', 'jVrnd', 'ZbqUM');
INSERT INTO change_log_diffs (id, log_id, property_name, before, after) VALUES (30, 87, 'email', 'HONDK', 'VVrqQ');
INSERT INTO change_log_diffs (id, log_id, property_name, before, after) VALUES (31, 17, 'status', 'voytE', 'sfCvm');
INSERT INTO change_log_diffs (id, log_id, property_name, before, after) VALUES (32, 7, 'email', 'jWcqg', 'MkpHE');
INSERT INTO change_log_diffs (id, log_id, property_name, before, after) VALUES (33, 69, 'email', 'aDAJJ', 'SOsKw');
INSERT INTO change_log_diffs (id, log_id, property_name, before, after) VALUES (34, 41, 'position', 'CWqNg', 'gWVtO');
INSERT INTO change_log_diffs (id, log_id, property_name, before, after) VALUES (35, 19, 'name', 'FkQcr', 'mYDcg');
INSERT INTO change_log_diffs (id, log_id, property_name, before, after) VALUES (36, 93, 'position', 'jAnjt', 'ySJWQ');
INSERT INTO change_log_diffs (id, log_id, property_name, before, after) VALUES (37, 88, 'email', 'zIltD', 'gtJSf');
INSERT INTO change_log_diffs (id, log_id, property_name, before, after) VALUES (38, 7, 'status', 'TmaGv', 'LLxwk');
INSERT INTO change_log_diffs (id, log_id, property_name, before, after) VALUES (39, 86, 'status', 'PWFIh', 'luYUy');
INSERT INTO change_log_diffs (id, log_id, property_name, before, after) VALUES (40, 15, 'status', 'hLyTZ', 'wqWuF');
INSERT INTO change_log_diffs (id, log_id, property_name, before, after) VALUES (41, 32, 'name', 'vEDPk', 'VGwgf');
INSERT INTO change_log_diffs (id, log_id, property_name, before, after) VALUES (42, 11, 'status', 'TZbBI', 'glfnD');
INSERT INTO change_log_diffs (id, log_id, property_name, before, after) VALUES (43, 36, 'position', 'dMWsS', 'JrTMl');
INSERT INTO change_log_diffs (id, log_id, property_name, before, after) VALUES (44, 77, 'email', 'qsEOw', 'LuaNX');
INSERT INTO change_log_diffs (id, log_id, property_name, before, after) VALUES (45, 69, 'status', 'PaDHo', 'grrqi');
INSERT INTO change_log_diffs (id, log_id, property_name, before, after) VALUES (46, 60, 'position', 'butXE', 'YAZnD');
INSERT INTO change_log_diffs (id, log_id, property_name, before, after) VALUES (47, 61, 'position', 'NIJqb', 'pujZi');
INSERT INTO change_log_diffs (id, log_id, property_name, before, after) VALUES (48, 86, 'email', 'hLPAl', 'NfYvB');
INSERT INTO change_log_diffs (id, log_id, property_name, before, after) VALUES (49, 35, 'position', 'GpeWP', 'RdFOZ');
INSERT INTO change_log_diffs (id, log_id, property_name, before, after) VALUES (50, 79, 'status', 'DyNav', 'pWpDH');
INSERT INTO change_log_diffs (id, log_id, property_name, before, after) VALUES (51, 16, 'status', 'LBKYp', 'DJNji');
INSERT INTO change_log_diffs (id, log_id, property_name, before, after) VALUES (52, 98, 'status', 'ZkwiS', 'tQYuh');
INSERT INTO change_log_diffs (id, log_id, property_name, before, after) VALUES (53, 39, 'status', 'qFFNI', 'jDKPO');
INSERT INTO change_log_diffs (id, log_id, property_name, before, after) VALUES (54, 19, 'position', 'kdNzp', 'zIVNU');
INSERT INTO change_log_diffs (id, log_id, property_name, before, after) VALUES (55, 41, 'name', 'icbKL', 'LcTJp');
INSERT INTO change_log_diffs (id, log_id, property_name, before, after) VALUES (56, 5, 'email', 'gYxnl', 'IFpwn');
INSERT INTO change_log_diffs (id, log_id, property_name, before, after) VALUES (57, 45, 'email', 'veVEg', 'YoBVw');
INSERT INTO change_log_diffs (id, log_id, property_name, before, after) VALUES (58, 12, 'name', 'amPBh', 'AFoPk');
INSERT INTO change_log_diffs (id, log_id, property_name, before, after) VALUES (59, 34, 'name', 'TvDDd', 'aSJpX');
INSERT INTO change_log_diffs (id, log_id, property_name, before, after) VALUES (60, 4, 'email', 'SgNgm', 'NGWBF');
INSERT INTO change_log_diffs (id, log_id, property_name, before, after) VALUES (61, 24, 'name', 'hJUEk', 'uefzS');
INSERT INTO change_log_diffs (id, log_id, property_name, before, after) VALUES (62, 86, 'name', 'fvYSU', 'cWemK');
INSERT INTO change_log_diffs (id, log_id, property_name, before, after) VALUES (63, 2, 'status', 'RAekm', 'yawyx');
INSERT INTO change_log_diffs (id, log_id, property_name, before, after) VALUES (64, 28, 'status', 'oOtUL', 'WEXjR');
INSERT INTO change_log_diffs (id, log_id, property_name, before, after) VALUES (65, 16, 'status', 'rJdoS', 'bbShi');
INSERT INTO change_log_diffs (id, log_id, property_name, before, after) VALUES (66, 10, 'name', 'JRtEI', 'NxdUb');
INSERT INTO change_log_diffs (id, log_id, property_name, before, after) VALUES (67, 21, 'email', 'kIFjp', 'HrEoG');
INSERT INTO change_log_diffs (id, log_id, property_name, before, after) VALUES (68, 19, 'position', 'orNQz', 'zsuEr');
INSERT INTO change_log_diffs (id, log_id, property_name, before, after) VALUES (69, 29, 'email', 'IyxtG', 'zkUIX');
INSERT INTO change_log_diffs (id, log_id, property_name, before, after) VALUES (70, 58, 'name', 'sByrw', 'ymhNs');
INSERT INTO change_log_diffs (id, log_id, property_name, before, after) VALUES (71, 19, 'position', 'DSByP', 'bbpRS');
INSERT INTO change_log_diffs (id, log_id, property_name, before, after) VALUES (72, 61, 'email', 'cvxKH', 'BiaqR');
INSERT INTO change_log_diffs (id, log_id, property_name, before, after) VALUES (73, 21, 'position', 'gNybt', 'apgow');
INSERT INTO change_log_diffs (id, log_id, property_name, before, after) VALUES (74, 15, 'email', 'OdOKe', 'hqqeG');
INSERT INTO change_log_diffs (id, log_id, property_name, before, after) VALUES (75, 16, 'email', 'hXVzO', 'vhtNr');
INSERT INTO change_log_diffs (id, log_id, property_name, before, after) VALUES (76, 95, 'name', 'iEKic', 'RGEDP');
INSERT INTO change_log_diffs (id, log_id, property_name, before, after) VALUES (77, 76, 'email', 'rZlzQ', 'UuNRh');
INSERT INTO change_log_diffs (id, log_id, property_name, before, after) VALUES (78, 46, 'name', 'UpgOY', 'TjwOq');
INSERT INTO change_log_diffs (id, log_id, property_name, before, after) VALUES (79, 2, 'position', 'eoIfQ', 'JrExy');
INSERT INTO change_log_diffs (id, log_id, property_name, before, after) VALUES (80, 79, 'status', 'rCPuN', 'OaGHF');
INSERT INTO change_log_diffs (id, log_id, property_name, before, after) VALUES (81, 43, 'email', 'tcNuw', 'koJTH');
INSERT INTO change_log_diffs (id, log_id, property_name, before, after) VALUES (82, 17, 'status', 'NJXiF', 'WWZRM');
INSERT INTO change_log_diffs (id, log_id, property_name, before, after) VALUES (83, 37, 'status', 'spaFD', 'gHpLV');
INSERT INTO change_log_diffs (id, log_id, property_name, before, after) VALUES (84, 53, 'position', 'HDihh', 'rnPIw');
INSERT INTO change_log_diffs (id, log_id, property_name, before, after) VALUES (85, 6, 'position', 'zfOCc', 'NVXJl');
INSERT INTO change_log_diffs (id, log_id, property_name, before, after) VALUES (86, 63, 'email', 'UyMHL', 'MuzZo');
INSERT INTO change_log_diffs (id, log_id, property_name, before, after) VALUES (87, 12, 'status', 'Mabpx', 'hoCXV');
INSERT INTO change_log_diffs (id, log_id, property_name, before, after) VALUES (88, 5, 'status', 'WHLTJ', 'yDKuR');
INSERT INTO change_log_diffs (id, log_id, property_name, before, after) VALUES (89, 16, 'status', 'aYpiG', 'kPTTb');
INSERT INTO change_log_diffs (id, log_id, property_name, before, after) VALUES (90, 51, 'email', 'INzDx', 'pjCmt');
INSERT INTO change_log_diffs (id, log_id, property_name, before, after) VALUES (91, 12, 'name', 'AFiMk', 'FIWdC');
INSERT INTO change_log_diffs (id, log_id, property_name, before, after) VALUES (92, 49, 'name', 'KUOZo', 'fmWjN');
INSERT INTO change_log_diffs (id, log_id, property_name, before, after) VALUES (93, 53, 'status', 'YkJUz', 'AyRKo');
INSERT INTO change_log_diffs (id, log_id, property_name, before, after) VALUES (94, 3, 'email', 'KBvav', 'KDLxm');
INSERT INTO change_log_diffs (id, log_id, property_name, before, after) VALUES (95, 53, 'email', 'GJHZR', 'aKWsX');
INSERT INTO change_log_diffs (id, log_id, property_name, before, after) VALUES (96, 3, 'email', 'RFoVT', 'eijJm');
INSERT INTO change_log_diffs (id, log_id, property_name, before, after) VALUES (97, 91, 'email', 'UJNgh', 'jZMXS');
INSERT INTO change_log_diffs (id, log_id, property_name, before, after) VALUES (98, 27, 'name', 'temjk', 'VIySX');
INSERT INTO change_log_diffs (id, log_id, property_name, before, after) VALUES (99, 59, 'position', 'pTTSk', 'MoOKr');
INSERT INTO change_log_diffs (id, log_id, property_name, before, after) VALUES (100, 8, 'position', 'rCbfP', 'mqfHV');

-- INSERT INTO backups (id, worker, started_at, ended_at, status) VALUES (1, '10.0.0.25', '2025-05-06 01:54:55', '2023-06-01 10:59:37', 'IN_PROGRESS');
-- INSERT INTO backups (id, worker, started_at, ended_at, status) VALUES (2, '10.0.0.218', '2024-06-28 09:10:36', '2024-10-22 01:14:39', 'COMPLETED');
-- INSERT INTO backups (id, worker, started_at, ended_at, status) VALUES (3, '10.0.0.6', '2024-01-21 12:26:04', '2025-02-26 07:52:09', 'COMPLETED');
-- INSERT INTO backups (id, worker, started_at, ended_at, status) VALUES (4, '10.0.0.139', '2023-01-08 20:09:56', '2024-10-10 09:08:36', 'COMPLETED');
-- INSERT INTO backups (id, worker, started_at, ended_at, status) VALUES (5, '10.0.0.91', '2025-12-19 08:59:59', '2023-09-11 17:20:36', 'IN_PROGRESS');
-- INSERT INTO backups (id, worker, started_at, ended_at, status) VALUES (6, '10.0.0.181', '2025-05-26 06:34:55', '2023-04-12 05:09:17', 'IN_PROGRESS');
-- INSERT INTO backups (id, worker, started_at, ended_at, status) VALUES (7, '10.0.0.24', '2024-07-01 11:17:07', '2024-03-14 14:38:09', 'FAILED');
-- INSERT INTO backups (id, worker, started_at, ended_at, status) VALUES (8, '10.0.0.45', '2024-06-01 07:12:08', '2025-04-16 20:56:32', 'IN_PROGRESS');
-- INSERT INTO backups (id, worker, started_at, ended_at, status) VALUES (9, '10.0.0.1', '2024-01-17 06:30:07', '2024-01-13 00:13:34', 'SKIPPED');
-- INSERT INTO backups (id, worker, started_at, ended_at, status) VALUES (10, '10.0.0.48', '2024-06-03 21:19:06', '2025-10-04 22:23:21', 'SKIPPED');
-- INSERT INTO backups (id, worker, started_at, ended_at, status) VALUES (11, '10.0.0.62', '2024-02-22 06:53:39', '2025-10-04 05:42:53', 'IN_PROGRESS');
-- INSERT INTO backups (id, worker, started_at, ended_at, status) VALUES (12, '10.0.0.159', '2023-07-28 09:54:20', '2023-05-29 07:02:15', 'COMPLETED');
-- INSERT INTO backups (id, worker, started_at, ended_at, status) VALUES (13, '10.0.0.3', '2025-07-12 22:52:01', '2025-07-07 15:08:37', 'COMPLETED');
-- INSERT INTO backups (id, worker, started_at, ended_at, status) VALUES (14, '10.0.0.63', '2025-10-07 18:02:03', '2024-08-29 12:09:36', 'IN_PROGRESS');
-- INSERT INTO backups (id, worker, started_at, ended_at, status) VALUES (15, '10.0.0.243', '2025-05-20 22:11:52', '2025-02-23 16:30:56', 'IN_PROGRESS');
-- INSERT INTO backups (id, worker, started_at, ended_at, status) VALUES (16, '10.0.0.170', '2025-08-29 23:11:07', '2023-02-12 19:21:50', 'SKIPPED');
-- INSERT INTO backups (id, worker, started_at, ended_at, status) VALUES (17, '10.0.0.61', '2023-03-07 10:56:02', '2025-11-16 02:46:53', 'SKIPPED');
-- INSERT INTO backups (id, worker, started_at, ended_at, status) VALUES (18, '10.0.0.134', '2024-08-09 17:28:01', '2023-03-06 14:02:36', 'COMPLETED');
-- INSERT INTO backups (id, worker, started_at, ended_at, status) VALUES (19, '10.0.0.72', '2023-03-24 03:45:33', '2024-07-26 18:36:49', 'IN_PROGRESS');
-- INSERT INTO backups (id, worker, started_at, ended_at, status) VALUES (20, '10.0.0.124', '2025-03-08 16:45:46', '2023-03-07 09:15:19', 'FAILED');
-- INSERT INTO backups (id, worker, started_at, ended_at, status) VALUES (21, '10.0.0.111', '2025-09-30 22:45:55', '2024-12-01 04:41:07', 'FAILED');
-- INSERT INTO backups (id, worker, started_at, ended_at, status) VALUES (22, '10.0.0.173', '2024-07-13 22:56:57', '2023-08-06 04:03:46', 'COMPLETED');
-- INSERT INTO backups (id, worker, started_at, ended_at, status) VALUES (23, '10.0.0.53', '2024-06-29 14:40:51', '2025-04-07 07:59:31', 'SKIPPED');
-- INSERT INTO backups (id, worker, started_at, ended_at, status) VALUES (24, '10.0.0.218', '2025-04-22 02:54:21', '2025-01-17 12:31:02', 'IN_PROGRESS');
-- INSERT INTO backups (id, worker, started_at, ended_at, status) VALUES (25, '10.0.0.22', '2023-01-07 07:39:25', '2024-04-15 03:03:22', 'COMPLETED');
-- INSERT INTO backups (id, worker, started_at, ended_at, status) VALUES (26, '10.0.0.105', '2023-12-28 01:33:29', '2023-09-23 19:57:13', 'FAILED');
-- INSERT INTO backups (id, worker, started_at, ended_at, status) VALUES (27, '10.0.0.167', '2025-03-19 14:48:21', '2023-04-22 04:30:59', 'SKIPPED');
-- INSERT INTO backups (id, worker, started_at, ended_at, status) VALUES (28, '10.0.0.235', '2024-02-04 04:58:38', '2025-06-02 05:51:18', 'SKIPPED');
-- INSERT INTO backups (id, worker, started_at, ended_at, status) VALUES (29, '10.0.0.150', '2023-07-05 02:29:17', '2023-03-30 00:06:41', 'SKIPPED');
-- INSERT INTO backups (id, worker, started_at, ended_at, status) VALUES (30, '10.0.0.27', '2024-11-03 04:33:18', '2024-09-08 09:58:26', 'SKIPPED');
-- INSERT INTO backups (id, worker, started_at, ended_at, status) VALUES (31, '10.0.0.220', '2025-05-06 12:24:32', '2025-05-23 02:28:06', 'IN_PROGRESS');
-- INSERT INTO backups (id, worker, started_at, ended_at, status) VALUES (32, '10.0.0.8', '2025-08-03 18:27:08', '2023-09-13 14:40:06', 'COMPLETED');
-- INSERT INTO backups (id, worker, started_at, ended_at, status) VALUES (33, '10.0.0.107', '2024-10-04 20:27:00', '2024-07-24 06:41:04', 'COMPLETED');
-- INSERT INTO backups (id, worker, started_at, ended_at, status) VALUES (34, '10.0.0.120', '2024-08-16 13:45:46', '2025-10-15 17:29:09', 'SKIPPED');
-- INSERT INTO backups (id, worker, started_at, ended_at, status) VALUES (35, '10.0.0.218', '2023-12-23 06:11:40', '2025-08-05 18:24:58', 'COMPLETED');
-- INSERT INTO backups (id, worker, started_at, ended_at, status) VALUES (36, '10.0.0.44', '2024-04-24 20:44:52', '2025-09-07 09:54:49', 'FAILED');
-- INSERT INTO backups (id, worker, started_at, ended_at, status) VALUES (37, '10.0.0.201', '2024-10-28 12:44:28', '2025-08-20 04:32:20', 'COMPLETED');
-- INSERT INTO backups (id, worker, started_at, ended_at, status) VALUES (38, '10.0.0.96', '2024-06-01 22:12:08', '2024-09-30 20:41:49', 'IN_PROGRESS');
-- INSERT INTO backups (id, worker, started_at, ended_at, status) VALUES (39, '10.0.0.183', '2025-08-12 20:33:00', '2023-12-20 21:54:49', 'FAILED');
-- INSERT INTO backups (id, worker, started_at, ended_at, status) VALUES (40, '10.0.0.38', '2024-03-02 06:28:00', '2025-08-09 05:58:26', 'FAILED');
-- INSERT INTO backups (id, worker, started_at, ended_at, status) VALUES (41, '10.0.0.40', '2023-02-07 14:26:17', '2024-03-18 20:11:58', 'IN_PROGRESS');
-- INSERT INTO backups (id, worker, started_at, ended_at, status) VALUES (42, '10.0.0.90', '2024-04-24 18:06:03', '2025-04-20 01:25:53', 'IN_PROGRESS');
-- INSERT INTO backups (id, worker, started_at, ended_at, status) VALUES (43, '10.0.0.251', '2025-06-09 17:36:22', '2023-09-24 20:01:53', 'IN_PROGRESS');
-- INSERT INTO backups (id, worker, started_at, ended_at, status) VALUES (44, '10.0.0.228', '2025-02-11 17:13:21', '2023-01-23 02:56:35', 'FAILED');
-- INSERT INTO backups (id, worker, started_at, ended_at, status) VALUES (45, '10.0.0.123', '2025-04-22 01:22:50', '2023-08-09 19:09:58', 'IN_PROGRESS');
-- INSERT INTO backups (id, worker, started_at, ended_at, status) VALUES (46, '10.0.0.133', '2024-04-28 02:57:32', '2025-06-03 17:08:07', 'SKIPPED');
-- INSERT INTO backups (id, worker, started_at, ended_at, status) VALUES (47, '10.0.0.134', '2024-07-25 00:23:26', '2025-08-07 05:48:05', 'FAILED');
-- INSERT INTO backups (id, worker, started_at, ended_at, status) VALUES (48, '10.0.0.193', '2023-10-29 14:30:44', '2025-02-04 08:14:15', 'SKIPPED');
-- INSERT INTO backups (id, worker, started_at, ended_at, status) VALUES (49, '10.0.0.86', '2025-10-28 20:17:38', '2024-03-05 07:09:01', 'FAILED');
-- INSERT INTO backups (id, worker, started_at, ended_at, status) VALUES (50, '10.0.0.66', '2025-03-04 08:21:08', '2025-02-18 20:57:00', 'SKIPPED');
-- INSERT INTO backups (id, worker, started_at, ended_at, status) VALUES (51, '10.0.0.73', '2023-07-16 07:30:09', '2025-09-30 08:23:13', 'COMPLETED');
-- INSERT INTO backups (id, worker, started_at, ended_at, status) VALUES (52, '10.0.0.27', '2023-11-23 22:45:21', '2025-01-23 18:58:28', 'SKIPPED');
-- INSERT INTO backups (id, worker, started_at, ended_at, status) VALUES (53, '10.0.0.136', '2025-06-27 05:15:19', '2025-06-05 15:03:56', 'FAILED');
-- INSERT INTO backups (id, worker, started_at, ended_at, status) VALUES (54, '10.0.0.67', '2024-05-04 02:01:10', '2024-12-19 12:01:03', 'FAILED');
-- INSERT INTO backups (id, worker, started_at, ended_at, status) VALUES (55, '10.0.0.199', '2025-03-10 04:47:08', '2024-11-13 21:07:29', 'IN_PROGRESS');
-- INSERT INTO backups (id, worker, started_at, ended_at, status) VALUES (56, '10.0.0.223', '2025-01-18 02:08:27', '2023-03-24 05:49:50', 'FAILED');
-- INSERT INTO backups (id, worker, started_at, ended_at, status) VALUES (57, '10.0.0.179', '2024-01-26 07:58:02', '2024-01-16 08:56:08', 'COMPLETED');
-- INSERT INTO backups (id, worker, started_at, ended_at, status) VALUES (58, '10.0.0.219', '2025-07-08 04:59:16', '2024-04-13 00:02:11', 'COMPLETED');
-- INSERT INTO backups (id, worker, started_at, ended_at, status) VALUES (59, '10.0.0.7', '2024-11-15 20:22:21', '2023-08-29 23:17:02', 'FAILED');
-- INSERT INTO backups (id, worker, started_at, ended_at, status) VALUES (60, '10.0.0.24', '2023-04-29 17:36:38', '2025-12-21 03:16:28', 'FAILED');
-- INSERT INTO backups (id, worker, started_at, ended_at, status) VALUES (61, '10.0.0.16', '2025-08-04 04:59:51', '2023-08-25 08:23:28', 'SKIPPED');
-- INSERT INTO backups (id, worker, started_at, ended_at, status) VALUES (62, '10.0.0.151', '2024-06-25 07:11:36', '2024-09-18 01:38:25', 'COMPLETED');
-- INSERT INTO backups (id, worker, started_at, ended_at, status) VALUES (63, '10.0.0.99', '2024-03-13 11:52:07', '2025-10-27 02:00:31', 'COMPLETED');
-- INSERT INTO backups (id, worker, started_at, ended_at, status) VALUES (64, '10.0.0.250', '2023-03-05 18:53:44', '2024-05-30 02:07:00', 'IN_PROGRESS');
-- INSERT INTO backups (id, worker, started_at, ended_at, status) VALUES (65, '10.0.0.211', '2024-12-09 08:36:28', '2025-11-06 21:50:53', 'SKIPPED');
-- INSERT INTO backups (id, worker, started_at, ended_at, status) VALUES (66, '10.0.0.171', '2025-11-05 12:36:45', '2024-06-15 03:59:54', 'COMPLETED');
-- INSERT INTO backups (id, worker, started_at, ended_at, status) VALUES (67, '10.0.0.114', '2024-07-23 14:54:09', '2025-12-14 09:26:48', 'FAILED');
-- INSERT INTO backups (id, worker, started_at, ended_at, status) VALUES (68, '10.0.0.32', '2024-06-14 14:19:05', '2025-07-07 19:23:11', 'COMPLETED');
-- INSERT INTO backups (id, worker, started_at, ended_at, status) VALUES (69, '10.0.0.188', '2023-02-03 13:52:06', '2023-01-04 12:33:36', 'IN_PROGRESS');
-- INSERT INTO backups (id, worker, started_at, ended_at, status) VALUES (70, '10.0.0.205', '2024-10-13 00:55:16', '2023-07-28 01:54:19', 'COMPLETED');
-- INSERT INTO backups (id, worker, started_at, ended_at, status) VALUES (71, '10.0.0.193', '2023-12-15 10:21:00', '2025-04-06 13:14:15', 'IN_PROGRESS');
-- INSERT INTO backups (id, worker, started_at, ended_at, status) VALUES (72, '10.0.0.221', '2024-09-25 19:58:53', '2025-02-10 18:33:11', 'FAILED');
-- INSERT INTO backups (id, worker, started_at, ended_at, status) VALUES (73, '10.0.0.217', '2024-06-02 22:07:18', '2024-09-22 20:50:34', 'COMPLETED');
-- INSERT INTO backups (id, worker, started_at, ended_at, status) VALUES (74, '10.0.0.234', '2024-06-13 06:07:05', '2025-01-04 05:02:03', 'SKIPPED');
-- INSERT INTO backups (id, worker, started_at, ended_at, status) VALUES (75, '10.0.0.188', '2023-07-10 15:49:26', '2023-05-21 15:10:58', 'COMPLETED');
-- INSERT INTO backups (id, worker, started_at, ended_at, status) VALUES (76, '10.0.0.169', '2023-12-20 21:55:55', '2023-05-14 00:56:51', 'COMPLETED');
-- INSERT INTO backups (id, worker, started_at, ended_at, status) VALUES (77, '10.0.0.231', '2023-06-13 19:09:37', '2024-01-02 20:52:50', 'IN_PROGRESS');
-- INSERT INTO backups (id, worker, started_at, ended_at, status) VALUES (78, '10.0.0.98', '2024-03-20 05:17:21', '2024-04-05 10:13:18', 'IN_PROGRESS');
-- INSERT INTO backups (id, worker, started_at, ended_at, status) VALUES (79, '10.0.0.71', '2024-01-15 13:33:35', '2023-02-02 18:07:29', 'SKIPPED');
-- INSERT INTO backups (id, worker, started_at, ended_at, status) VALUES (80, '10.0.0.202', '2025-06-12 23:16:52', '2024-10-18 23:04:55', 'COMPLETED');
-- INSERT INTO backups (id, worker, started_at, ended_at, status) VALUES (81, '10.0.0.25', '2023-01-09 15:18:45', '2024-07-21 11:42:28', 'IN_PROGRESS');
-- INSERT INTO backups (id, worker, started_at, ended_at, status) VALUES (82, '10.0.0.49', '2023-09-27 11:07:56', '2023-09-22 12:22:00', 'SKIPPED');
-- INSERT INTO backups (id, worker, started_at, ended_at, status) VALUES (83, '10.0.0.13', '2023-05-19 00:14:46', '2025-10-14 04:55:41', 'SKIPPED');
-- INSERT INTO backups (id, worker, started_at, ended_at, status) VALUES (84, '10.0.0.177', '2024-10-29 22:51:10', '2025-06-23 17:25:30', 'IN_PROGRESS');
-- INSERT INTO backups (id, worker, started_at, ended_at, status) VALUES (85, '10.0.0.185', '2025-12-13 11:04:17', '2024-10-20 06:29:51', 'COMPLETED');
-- INSERT INTO backups (id, worker, started_at, ended_at, status) VALUES (86, '10.0.0.23', '2024-02-20 01:34:33', '2024-04-04 04:59:12', 'IN_PROGRESS');
-- INSERT INTO backups (id, worker, started_at, ended_at, status) VALUES (87, '10.0.0.56', '2024-09-28 08:21:36', '2025-10-11 08:23:41', 'IN_PROGRESS');
-- INSERT INTO backups (id, worker, started_at, ended_at, status) VALUES (88, '10.0.0.96', '2025-03-26 19:54:23', '2024-07-24 18:35:00', 'IN_PROGRESS');
-- INSERT INTO backups (id, worker, started_at, ended_at, status) VALUES (89, '10.0.0.63', '2025-08-17 15:24:51', '2025-04-18 13:45:57', 'COMPLETED');
-- INSERT INTO backups (id, worker, started_at, ended_at, status) VALUES (90, '10.0.0.151', '2023-06-12 09:16:39', '2024-02-14 08:09:00', 'IN_PROGRESS');
-- INSERT INTO backups (id, worker, started_at, ended_at, status) VALUES (91, '10.0.0.110', '2024-06-29 02:26:43', '2025-10-04 17:12:20', 'FAILED');
-- INSERT INTO backups (id, worker, started_at, ended_at, status) VALUES (92, '10.0.0.84', '2024-10-18 03:27:07', '2025-09-24 13:55:21', 'IN_PROGRESS');
-- INSERT INTO backups (id, worker, started_at, ended_at, status) VALUES (93, '10.0.0.101', '2023-11-22 05:21:32', '2025-05-18 04:22:14', 'FAILED');
-- INSERT INTO backups (id, worker, started_at, ended_at, status) VALUES (94, '10.0.0.131', '2023-02-11 22:28:28', '2025-01-10 06:56:23', 'COMPLETED');
-- INSERT INTO backups (id, worker, started_at, ended_at, status) VALUES (95, '10.0.0.184', '2025-03-08 09:29:11', '2025-11-22 02:31:05', 'SKIPPED');
-- INSERT INTO backups (id, worker, started_at, ended_at, status) VALUES (96, '10.0.0.91', '2025-08-24 01:11:05', '2025-02-02 14:03:33', 'COMPLETED');
-- INSERT INTO backups (id, worker, started_at, ended_at, status) VALUES (97, '10.0.0.6', '2023-12-27 21:11:57', '2023-11-09 10:27:44', 'COMPLETED');
-- INSERT INTO backups (id, worker, started_at, ended_at, status) VALUES (98, '10.0.0.250', '2025-11-05 07:46:01', '2025-02-14 06:00:48', 'IN_PROGRESS');
-- INSERT INTO backups (id, worker, started_at, ended_at, status) VALUES (99, '10.0.0.86', '2023-03-13 18:16:29', '2025-01-11 16:04:27', 'COMPLETED');
-- INSERT INTO backups (id, worker, started_at, ended_at, status) VALUES (100, '10.0.0.249', '2023-05-12 01:03:38', '2024-06-05 00:24:19', 'COMPLETED');